1.17229688168,0.56299996376,0.595141708851,7
0.902384161949,0.643000006676,0.769230782986,2
0.874803602695,0.668999910355,0.793522238731,11
0.802977740765,0.708999931812,0.850202441216,2
0.817373454571,0.692999958992,0.761133611202,4
0.779458522797,0.711000084877,0.842105269432,4
0.724927306175,0.729999899864,0.761133611202,6
0.716637551785,0.737999975681,0.821862339973,3
0.743902385235,0.734999835491,0.858299612999,3
0.774391770363,0.72100007534,0.842105269432,9
0.686359167099,0.743000030518,0.797570824623,4
0.728115141392,0.731000006199,0.773279368877,4
0.711571216583,0.72000002861,0.834008097649,4
0.705020308495,0.721999943256,0.825910925865,7
0.695135116577,0.728000044823,0.834008097649,10
0.713753342628,0.734000086784,0.801619410515,5
0.65374994278,0.756999969482,0.793522238731,9
0.663029789925,0.75,0.801619410515,13
0.653698682785,0.763999938965,0.785425126553,7
0.61821782589,0.773000121117,0.785425126553,7
0.649220705032,0.748000025749,0.81376516819,12
0.608250498772,0.766999959946,0.761133611202,13
0.58318811655,0.775999903679,0.753036439419,8
0.565697610378,0.800999999046,0.793522238731,4
0.608478426933,0.772000074387,0.821862339973,7
0.662600696087,0.743999838829,0.817813754082,10
0.657114863396,0.744000077248,0.821862339973,13
0.581555128098,0.771999835968,0.781376540661,12
0.5140376091,0.800999999046,0.809716582298,4
0.601769506931,0.781999886036,0.753036439419,15
0.578512430191,0.781999826431,0.753036439419,6
0.554320037365,0.806999981403,0.769230782986,14
0.576494395733,0.789999842644,0.821862339973,2
0.57099199295,0.800999999046,0.817813754082,10
0.499908298254,0.810000002384,0.834008097649,10
0.559520602226,0.782999813557,0.744939267635,12
0.595484495163,0.786000072956,0.740890681744,2
0.607709288597,0.780999898911,0.704453468323,5
0.5163372159,0.818999886513,0.728744924068,4
0.556671917439,0.802000045776,0.728744924068,1
0.578141033649,0.787000060081,0.757085025311,9
0.500419616699,0.81300008297,0.777327954769,15
0.488440662622,0.824999928474,0.757085025311,8
0.639046192169,0.765999913216,0.704453468323,1
0.560890972614,0.791000068188,0.801619410515,5
0.532621920109,0.813999950886,0.73279350996,6
0.483625978231,0.834999859333,0.777327954769,6
0.526028215885,0.804999768734,0.801619410515,17
0.48416057229,0.821999967098,0.704453468323,11
0.51671487093,0.813000023365,0.789473712444,8
0.612347960472,0.78200006485,0.797570824623,12
0.543230652809,0.80999994278,0.817813754082,5
0.563869774342,0.783999919891,0.781376540661,7
0.532585084438,0.803999841213,0.769230782986,3
0.470208585262,0.83000010252,0.720647752285,2
0.497142612934,0.811000049114,0.753036439419,7
0.52581423521,0.804999947548,0.716599166393,11
0.497433483601,0.802000105381,0.781376540661,11
0.571221113205,0.792999863625,0.736842095852,16
0.531323194504,0.81200003624,0.801619410515,5
0.466719925404,0.828999936581,0.797570824623,10
0.548566043377,0.802999973297,0.696356296539,7
0.519904494286,0.808999836445,0.753036439419,12
0.456532865763,0.839000105858,0.757085025311,11
0.489016115665,0.812000095844,0.696356296539,9
0.439494520426,0.842000067234,0.712550580502,6
0.452192157507,0.813000023365,0.720647752285,14
0.428847283125,0.834000110626,0.696356296539,9
0.524182677269,0.827999830246,0.765182197094,11
0.495168834925,0.821999907494,0.716599166393,16
0.492052167654,0.81299996376,0.773279368877,7
0.446963459253,0.834999918938,0.724696338177,6
0.478696018457,0.823999941349,0.789473712444,8
0.472631573677,0.83000010252,0.781376540661,15
0.459199637175,0.817999958992,0.789473712444,13
0.49906539917,0.824000120163,0.781376540661,14
0.534332334995,0.803999960423,0.736842095852,10
0.442855656147,0.84500002861,0.789473712444,11
0.492206692696,0.824000120163,0.825910925865,4
0.436253190041,0.828999936581,0.777327954769,10
0.398080021143,0.854000091553,0.757085025311,9
0.475492984056,0.821999967098,0.680161952972,11
0.480957210064,0.828999936581,0.728744924068,15
0.466202288866,0.828999996185,0.765182197094,4
0.487926095724,0.824999988079,0.720647752285,1
0.437692463398,0.842999875546,0.720647752285,17
0.461342632771,0.828000187874,0.744939267635,14
0.49962246418,0.810000002384,0.744939267635,16
0.394570946693,0.866999983788,0.740890681744,7
0.523510992527,0.81199991703,0.716599166393,1
0.475890547037,0.815999984741,0.805667996407,4
0.434104055166,0.830999910831,0.761133611202,14
0.444339156151,0.841000080109,0.777327954769,13
0.47912928462,0.840999960899,0.748987853527,12
0.403885185719,0.847999930382,0.700404882431,5
0.467688441277,0.836000084877,0.728744924068,8
0.469966292381,0.831999897957,0.736842095852,11
0.45780223608,0.82800000906,0.769230782986,16
0.439741492271,0.838999927044,0.720647752285,10
0.424974143505,0.858000099659,0.684210538864,4
0.429415524006,0.828999876976,0.773279368877,16
0.476242303848,0.823999941349,0.736842095852,10
0.421478360891,0.864000082016,0.748987853527,0
0.481136739254,0.826999902725,0.720647752285,15
0.454325079918,0.835999965668,0.700404882431,13
0.394581407309,0.84500002861,0.777327954769,8
0.422053575516,0.837999880314,0.716599166393,5
0.47160038352,0.824000000954,0.761133611202,5
0.473261147738,0.816999912262,0.720647752285,10
0.445155441761,0.843000113964,0.672064781189,9
0.436852693558,0.835000097752,0.797570824623,14
0.441822350025,0.844999849796,0.668016195297,0
0.397335469723,0.853999853134,0.700404882431,0
0.463304549456,0.820999860764,0.748987853527,10
0.426109582186,0.847000062466,0.684210538864,6
0.484718710184,0.80999994278,0.720647752285,10
0.474718362093,0.810999929905,0.70850199461,16
0.413924127817,0.843000113964,0.781376540661,11
0.395996898413,0.849999904633,0.663967609406,20
0.37383338809,0.851000010967,0.748987853527,15
0.443043589592,0.818000018597,0.684210538864,9
0.468316614628,0.834999978542,0.781376540661,17
0.432616770267,0.834999978542,0.748987853527,13
0.3985914886,0.849000096321,0.700404882431,16
0.3972222507,0.856999993324,0.728744924068,2
0.38978689909,0.849000096321,0.785425126553,15
0.363537222147,0.879000067711,0.655870437622,13
0.462736368179,0.823000013828,0.720647752285,15
0.39855876565,0.85900002718,0.688259124756,13
0.379204392433,0.863000035286,0.672064781189,14
0.4130397439,0.831999897957,0.781376540661,13
0.400457978249,0.848999917507,0.684210538864,9
0.416483968496,0.843000113964,0.672064781189,10
0.390774726868,0.856000125408,0.700404882431,15
0.378939241171,0.85599988699,0.676113367081,11
0.38953357935,0.854999899864,0.761133611202,14
0.389867663383,0.848000109196,0.773279368877,13
0.366344988346,0.854999899864,0.676113367081,16
0.379897624254,0.859999895096,0.692307710648,14
0.383000940084,0.868999958038,0.655870437622,3
0.390140295029,0.851000189781,0.668016195297,9
0.380559206009,0.856000125408,0.65182185173,6
0.363776355982,0.860999882221,0.676113367081,15
0.378205984831,0.859999895096,0.748987853527,12
0.370139509439,0.861000061035,0.761133611202,0
0.389938056469,0.848000109196,0.712550580502,6
0.385749638081,0.848000109196,0.70850199461,10
0.360294103622,0.872999966145,0.720647752285,7
0.39877358079,0.840999901295,0.680161952972,11
0.334762752056,0.871999979019,0.692307710648,5
0.48251748085,0.82699996233,0.789473712444,16
0.427653878927,0.848999857903,0.753036439419,11
0.367813766003,0.870000004768,0.684210538864,7
0.3905338943,0.855000019073,0.672064781189,17
0.395589113235,0.851000010967,0.773279368877,14
0.354269206524,0.866000056267,0.672064781189,13
0.403811752796,0.853000044823,0.668016195297,12
0.387287557125,0.858000040054,0.680161952972,10
0.40287566185,0.855000019073,0.736842095852,9
0.351518541574,0.869000077248,0.712550580502,10
0.353406250477,0.878000080585,0.712550580502,1
0.330535233021,0.877000033855,0.765182197094,10
0.368142008781,0.859000086784,0.748987853527,16
0.335759609938,0.877999961376,0.688259124756,10
0.422211110592,0.852000117302,0.740890681744,12
0.366659849882,0.866000115871,0.668016195297,10
0.379385769367,0.854000031948,0.668016195297,12
0.343923836946,0.85599988699,0.720647752285,16
0.354638367891,0.87700009346,0.716599166393,15
0.335619390011,0.882000148296,0.753036439419,15
0.424151808023,0.851999998093,0.663967609406,11
0.356312721968,0.871000051498,0.789473712444,15
0.362514942884,0.855000019073,0.724696338177,18
0.319290995598,0.888000011444,0.692307710648,15
0.346853345633,0.878999948502,0.672064781189,10
0.394799411297,0.854999899864,0.680161952972,18
0.369402766228,0.862000107765,0.668016195297,18
0.391552388668,0.861000001431,0.615384638309,12
0.37021446228,0.873000085354,0.761133611202,9
0.348449468613,0.866000056267,0.672064781189,16
0.369049727917,0.867999970913,0.684210538864,5
0.382147014141,0.861000061035,0.655870437622,19
0.335777580738,0.865999996662,0.692307710648,1
0.339080691338,0.885999977589,0.672064781189,15
0.423875540495,0.836000144482,0.676113367081,11
0.353007465601,0.861000061035,0.688259124756,11
0.34986308217,0.871000111103,0.635627508163,13
0.325882047415,0.879000008106,0.663967609406,9
0.325255930424,0.878000080585,0.748987853527,9
0.351482748985,0.874000251293,0.692307710648,5
0.385236173868,0.84299993515,0.659919023514,10
0.334355175495,0.877999961376,0.757085025311,11
0.346628427505,0.875999987125,0.761133611202,11
0.364000588655,0.856999993324,0.73279350996,11
0.367625921965,0.866000056267,0.748987853527,9
0.329957127571,0.875000059605,0.761133611202,10
0.355304330587,0.860999882221,0.704453468323,15
0.34426394105,0.875999927521,0.70850199461,8
0.330082774162,0.875000178814,0.680161952972,7
0.283766567707,0.884000241756,0.761133611202,12
0.287994205952,0.887000203133,0.647773265839,15
0.355538606644,0.854000091553,0.704453468323,16
0.298350930214,0.885999977589,0.700404882431,15
0.354682952166,0.874000072479,0.704453468323,13
0.330606162548,0.865999937057,0.655870437622,12
0.318227857351,0.879999935627,0.676113367081,12
0.30073544383,0.891999900341,0.663967609406,10
0.340672373772,0.866000056267,0.619433224201,8
0.357222408056,0.870000064373,0.668016195297,9
0.341365367174,0.863000094891,0.712550580502,11
0.362665086985,0.876000165939,0.740890681744,10
0.345247775316,0.868000209332,0.655870437622,14
0.35533195734,0.866000056267,0.668016195297,13
0.280204951763,0.905000090599,0.668016195297,14
0.374123752117,0.856999993324,0.696356296539,12
0.316446810961,0.878000020981,0.688259124756,15
0.353174388409,0.861999988556,0.70850199461,7
0.291321694851,0.891000032425,0.668016195297,12
0.292147606611,0.886000037193,0.668016195297,15
0.35757252574,0.884000003338,0.659919023514,10
0.355345487595,0.862000048161,0.70850199461,11
0.35928478837,0.863000094891,0.753036439419,12
0.327518492937,0.869000017643,0.704453468323,11
0.293542414904,0.892000198364,0.676113367081,15
0.35480555892,0.864999949932,0.668016195297,16
0.333023160696,0.868000090122,0.724696338177,10
0.345103621483,0.872999966145,0.720647752285,16
0.306090354919,0.874000012875,0.728744924068,16
0.373986423016,0.875000178814,0.696356296539,13
0.329226732254,0.883000016212,0.761133611202,14
0.35779979825,0.861000001431,0.676113367081,9
0.353721350431,0.868000209332,0.684210538864,8
0.29414460063,0.884999990463,0.659919023514,16
0.34106913209,0.878000199795,0.688259124756,10
0.297705441713,0.876000165939,0.672064781189,10
0.342209905386,0.867999970913,0.65182185173,11
0.319457799196,0.884999990463,0.728744924068,12
0.326777011156,0.87399995327,0.65182185173,11
0.324002444744,0.875000059605,0.655870437622,14
0.307813465595,0.881000161171,0.704453468323,15
0.302715390921,0.885000169277,0.655870437622,8
0.286605715752,0.889000177383,0.663967609406,17
0.267861992121,0.899000108242,0.663967609406,10
0.317497730255,0.871999919415,0.647773265839,12
0.333914488554,0.876000165939,0.716599166393,17
0.310207188129,0.880000054836,0.700404882431,11
0.274103194475,0.884000062943,0.635627508163,10
0.314111083746,0.885000050068,0.700404882431,10
0.305173546076,0.893000125885,0.753036439419,14
0.319582104683,0.863000094891,0.635627508163,16
0.294314533472,0.881000041962,0.631578922272,14
0.297713518143,0.898000121117,0.684210538864,9
0.308357089758,0.867999970913,0.704453468323,8
0.277608960867,0.899000167847,0.631578922272,14
0.293158024549,0.879000067711,0.635627508163,8
0.280191123486,0.89099997282,0.712550580502,10
0.258405923843,0.895000219345,0.728744924068,6
0.319640874863,0.870000004768,0.712550580502,10
0.26967394352,0.897000253201,0.680161952972,13
0.319857090712,0.886000156403,0.684210538864,15
0.247906729579,0.904000163078,0.659919023514,12
0.322966426611,0.875999927521,0.659919023514,6
0.340959519148,0.858999967575,0.688259124756,16
0.285466909409,0.901000142097,0.647773265839,12
0.254706054926,0.900000154972,0.65182185173,16
0.353138923645,0.879999995232,0.724696338177,18
0.291013270617,0.897000074387,0.724696338177,14
0.269235193729,0.903000116348,0.615384638309,14
0.251873522997,0.906000077724,0.688259124756,16
0.251376748085,0.90900015831,0.688259124756,15
0.258847355843,0.906000137329,0.639676094055,10
0.309786617756,0.89200001955,0.672064781189,14
0.311811536551,0.882000207901,0.692307710648,12
0.271331876516,0.888000130653,0.70850199461,13
0.291471600533,0.880000054836,0.700404882431,11
0.271335035563,0.894000172615,0.716599166393,14
0.267106950283,0.882000029087,0.619433224201,17
0.329711914062,0.884000182152,0.611336052418,7
0.282204598188,0.883000016212,0.773279368877,11
0.340244174004,0.877000033855,0.676113367081,16
0.265012174845,0.896000146866,0.647773265839,9
0.330047100782,0.877999961376,0.692307710648,22
0.260116159916,0.902000129223,0.647773265839,16
0.247198581696,0.899000167847,0.712550580502,17
0.352631926537,0.865000009537,0.680161952972,14
0.266729801893,0.914000332355,0.65182185173,11
0.255923122168,0.909000098705,0.643724679947,15
0.258244544268,0.909999907017,0.70850199461,7
0.28485891223,0.892000198364,0.704453468323,16
0.266361176968,0.902000129223,0.643724679947,17
0.22627992928,0.911000192165,0.65182185173,11
0.283192902803,0.886999964714,0.696356296539,17
0.284438163042,0.89400011301,0.696356296539,10
0.292712032795,0.889000177383,0.668016195297,13
0.277783215046,0.898999989033,0.635627508163,13
0.291111826897,0.89200001955,0.62753033638,13
0.278847724199,0.876999974251,0.65182185173,15
0.241207391024,0.916000187397,0.659919023514,9
0.305861443281,0.870000243187,0.680161952972,14
0.321967512369,0.886999964714,0.659919023514,6
0.284345209599,0.887000024319,0.700404882431,9
0.281995803118,0.891000032425,0.635627508163,11
0.248516306281,0.912000119686,0.672064781189,12
0.265572249889,0.889000236988,0.659919023514,11
0.295536011457,0.876999974251,0.672064781189,15
0.300008833408,0.873000085354,0.688259124756,13
0.255946278572,0.897000133991,0.692307710648,10
0.289478749037,0.891999959946,0.680161952972,17
0.281822681427,0.902999937534,0.676113367081,7
0.239692956209,0.905000150204,0.623481810093,8
0.267541974783,0.89500015974,0.663967609406,7
0.254810363054,0.89300018549,0.712550580502,17
0.25524687767,0.892000257969,0.643724679947,15
0.23716108501,0.897000133991,0.696356296539,11
0.257908523083,0.912000179291,0.700404882431,6
0.266308754683,0.886000037193,0.724696338177,9
0.275130450726,0.89500015974,0.639676094055,17
0.269673734903,0.886000156403,0.680161952972,8
0.277602314949,0.888999938965,0.639676094055,11
0.264652282,0.891999959946,0.663967609406,13
0.270818144083,0.905000209808,0.716599166393,17
0.239623084664,0.893000364304,0.728744924068,15
0.278611838818,0.891000211239,0.643724679947,12
0.283722102642,0.901000201702,0.70850199461,15
0.253886401653,0.885999917984,0.70850199461,10
0.233642190695,0.905000209808,0.692307710648,17
0.239258483052,0.903000056744,0.676113367081,17
0.296628445387,0.888999998569,0.744939267635,12
0.249407276511,0.888000130653,0.680161952972,13
0.322803944349,0.873000025749,0.70850199461,16
0.265484422445,0.88999992609,0.73279350996,12
0.260232150555,0.911000311375,0.716599166393,9
0.275401055813,0.881000041962,0.684210538864,13
0.286072015762,0.879999995232,0.684210538864,12
0.288282096386,0.897000193596,0.655870437622,17
0.251206189394,0.898000001907,0.623481810093,6
0.283072143793,0.886000037193,0.692307710648,13
0.243030279875,0.897000133991,0.655870437622,11
0.23472648859,0.912000119686,0.740890681744,18
0.22400175035,0.913000285625,0.639676094055,14
0.253787755966,0.899999976158,0.704453468323,18
0.275638073683,0.904000163078,0.680161952972,7
0.266089528799,0.886000156403,0.668016195297,8
0.27061316371,0.899000167847,0.62753033638,7
0.206415265799,0.937000274658,0.639676094055,12
0.238564297557,0.903000056744,0.676113367081,12
0.24518468976,0.891999959946,0.65182185173,13
0.232631400228,0.912000119686,0.688259124756,7
0.2500436306,0.903000056744,0.647773265839,17
0.231305062771,0.906000077724,0.639676094055,12
0.221444740891,0.912000179291,0.668016195297,11
0.259792387486,0.904000103474,0.659919023514,9
0.241463929415,0.907000184059,0.672064781189,5
0.252419710159,0.888999998569,0.712550580502,8
0.268937051296,0.904000043869,0.70850199461,18
0.212417036295,0.919000089169,0.672064781189,14
0.235199302435,0.910000026226,0.668016195297,10
0.245976492763,0.901000082493,0.688259124756,11
0.243993327022,0.897999942303,0.663967609406,0
0.276756793261,0.891999959946,0.647773265839,8
0.289234191179,0.895000219345,0.647773265839,20
0.25523468852,0.901999950409,0.676113367081,13
0.244574368,0.90700006485,0.700404882431,12
0.26101115346,0.902000069618,0.668016195297,13
0.272675812244,0.899999976158,0.623481810093,8
0.23950754106,0.895999968052,0.672064781189,11
0.278330057859,0.884000182152,0.688259124756,7
0.260921597481,0.905000150204,0.676113367081,15
0.248846530914,0.902000188828,0.65182185173,11
0.221037819982,0.905000329018,0.663967609406,12
0.278091013432,0.891000151634,0.643724679947,11
0.270788997412,0.906000316143,0.688259124756,15
0.239162564278,0.886000156403,0.70850199461,9
0.247278705239,0.899000167847,0.663967609406,9
0.254655748606,0.906000077724,0.668016195297,18
0.26035746932,0.904000043869,0.672064781189,15
0.218918889761,0.90800011158,0.688259124756,14
0.253056764603,0.906000077724,0.672064781189,12
0.279526084661,0.891000032425,0.639676094055,13
0.22027926147,0.919000029564,0.639676094055,13
0.240011736751,0.908000230789,0.643724679947,10
0.250045865774,0.909000217915,0.635627508163,11
0.291938394308,0.882000207901,0.668016195297,9
0.298165082932,0.876999914646,0.684210538864,14
0.262169331312,0.904999911785,0.655870437622,8
0.230455726385,0.917000055313,0.623481810093,12
0.232462465763,0.909000039101,0.668016195297,8
0.235374733806,0.899999976158,0.663967609406,17
0.213504642248,0.913000106812,0.663967609406,15
0.248397737741,0.901000142097,0.655870437622,21
0.217646718025,0.914000272751,0.659919023514,11
0.252557814121,0.894999980927,0.668016195297,10
0.230975672603,0.914000153542,0.655870437622,13
0.257902950048,0.897000074387,0.62753033638,13
0.213422700763,0.920000255108,0.70850199461,8
0.252057105303,0.911000132561,0.668016195297,13
0.247178971767,0.904000103474,0.631578922272,21
0.207373440266,0.916000187397,0.704453468323,13
0.305699825287,0.884000062943,0.639676094055,11
0.231132119894,0.905000150204,0.696356296539,13
0.244936212897,0.906000077724,0.668016195297,11
0.235568121076,0.905000150204,0.631578922272,17
0.254656016827,0.900000095367,0.676113367081,5
0.211312174797,0.906000316143,0.631578922272,10
0.241410300136,0.899000167847,0.692307710648,12
0.249839231372,0.905000150204,0.647773265839,12
0.24594090879,0.899000167847,0.684210538864,13
0.248880952597,0.916000306606,0.668016195297,3
0.220252990723,0.916000127792,0.728744924068,7
0.247911572456,0.906000137329,0.659919023514,17
0.266867399216,0.895000219345,0.692307710648,8
0.224500507116,0.90800011158,0.643724679947,11
0.217047840357,0.918000161648,0.684210538864,12
0.196616098285,0.921000242233,0.720647752285,6
0.22772051394,0.911000132561,0.647773265839,13
0.231033459306,0.910000085831,0.643724679947,16
0.254836022854,0.89500015974,0.631578922272,9
0.262590527534,0.897000133991,0.631578922272,5
0.202647000551,0.913000047207,0.643724679947,18
0.234118118882,0.915000081062,0.591093122959,14
0.269355595112,0.902000129223,0.663967609406,13
0.195558220148,0.926000237465,0.659919023514,8
0.247812062502,0.902000069618,0.635627508163,10
0.262334555387,0.907000184059,0.692307710648,7
0.228080362082,0.904000043869,0.65182185173,10
0.220177531242,0.916000187397,0.635627508163,16
0.27979901433,0.890000104904,0.740890681744,8
0.255601704121,0.901000142097,0.643724679947,8
0.232531070709,0.90800011158,0.643724679947,6
0.228532880545,0.911000430584,0.676113367081,7
0.196268677711,0.923000156879,0.684210538864,11
0.219213619828,0.909000217915,0.663967609406,17
0.250162363052,0.903000175953,0.684210538864,12
0.22503682971,0.909000337124,0.62753033638,13
0.270607829094,0.887999951839,0.696356296539,8
0.216180235147,0.908000051975,0.663967609406,14
0.231233999133,0.901000201702,0.619433224201,11
0.202267512679,0.919000267982,0.65182185173,12
0.272274404764,0.889999985695,0.668016195297,14
0.228213042021,0.905000209808,0.692307710648,14
0.211980596185,0.919000148773,0.643724679947,12
0.191047146916,0.921000063419,0.65182185173,7
0.210008814931,0.913000166416,0.655870437622,6
0.231722056866,0.9120002985,0.684210538864,9
0.193582460284,0.917000114918,0.680161952972,15
0.234409198165,0.903000056744,0.65182185173,13
0.229780286551,0.912000179291,0.647773265839,9
0.183462366462,0.932000219822,0.668016195297,7
0.196957051754,0.920000135899,0.659919023514,13
0.208504766226,0.931000292301,0.643724679947,17
0.259172350168,0.888000190258,0.680161952972,11
0.249610766768,0.894999980927,0.631578922272,11
0.191123604774,0.921000242233,0.672064781189,14
0.232563689351,0.901999890804,0.668016195297,8
0.189709961414,0.933000206947,0.631578922272,14
0.214570701122,0.916000127792,0.65182185173,11
0.193656861782,0.920000135899,0.696356296539,15
0.178097173572,0.92500013113,0.680161952972,8
0.237416625023,0.905000090599,0.672064781189,6
0.228597700596,0.912000179291,0.655870437622,10
0.206651464105,0.910000145435,0.672064781189,17
0.210983455181,0.922000050545,0.668016195297,11
0.157288759947,0.931000232697,0.684210538864,16
0.269313693047,0.899000227451,0.684210538864,12
0.219155862927,0.907000124454,0.680161952972,16
0.241261422634,0.895000100136,0.659919023514,8
0.218082785606,0.917000114918,0.680161952972,11
0.191883206367,0.919000029564,0.639676094055,17
0.213696688414,0.930000126362,0.65182185173,11
0.182225614786,0.932000279427,0.696356296539,8
0.180343806744,0.925000011921,0.65182185173,9
0.19272275269,0.919000267982,0.659919023514,11
0.199833989143,0.92500025034,0.659919023514,13
0.205400109291,0.921000242233,0.659919023514,5
0.195706993341,0.914000153542,0.647773265839,10
0.222729668021,0.922999978065,0.65182185173,11
0.231655105948,0.913000106812,0.647773265839,9
0.185320168734,0.939000248909,0.619433224201,11
0.203607171774,0.918000280857,0.672064781189,8
0.234246551991,0.899999976158,0.692307710648,7
0.184381440282,0.925000071526,0.688259124756,11
0.202124074101,0.917000114918,0.615384638309,7
0.22231978178,0.91000020504,0.696356296539,7
0.217360764742,0.915000140667,0.659919023514,15
0.192611515522,0.927000045776,0.65182185173,10
0.190153211355,0.923000335693,0.615384638309,11
0.16547010839,0.937000274658,0.635627508163,13
0.234405189753,0.92500025034,0.688259124756,13
0.18153308332,0.92600029707,0.639676094055,12
0.239333674312,0.902999937534,0.62753033638,13
0.22323654592,0.902000188828,0.663967609406,15
0.196713775396,0.92500025034,0.700404882431,17
0.257263690233,0.908000051975,0.603238880634,10
0.206467285752,0.918000102043,0.619433224201,5
0.186726152897,0.92700022459,0.704453468323,11
0.177574425936,0.921000242233,0.70850199461,8
0.229789823294,0.898999929428,0.643724679947,11
0.199856281281,0.921000123024,0.643724679947,15
0.219264104962,0.927000105381,0.659919023514,14
0.232040047646,0.912000119686,0.631578922272,7
0.207441061735,0.925000309944,0.704453468323,14
0.234628140926,0.906000196934,0.647773265839,10
0.244086936116,0.90700006485,0.663967609406,8
0.206969887018,0.92600029707,0.700404882431,16
0.172323346138,0.92700022459,0.663967609406,17
0.190650999546,0.92500025034,0.676113367081,17
0.212850779295,0.922000169754,0.647773265839,7
0.189567565918,0.929000139236,0.668016195297,17
0.222578808665,0.907999873161,0.692307710648,9
0.207066655159,0.911000132561,0.623481810093,15
0.196593165398,0.932000100613,0.668016195297,7
0.210263773799,0.917000293732,0.659919023514,14
0.199130281806,0.916000187397,0.680161952972,12
0.188162192702,0.920000016689,0.639676094055,7
0.206277251244,0.921000242233,0.676113367081,8
0.177212327719,0.92900031805,0.700404882431,13
0.20153349638,0.931000232697,0.700404882431,1
0.220440998673,0.913000166416,0.631578922272,18
0.243581727147,0.904000222683,0.643724679947,7
0.231904909015,0.922000050545,0.639676094055,9
0.194614544511,0.910000085831,0.635627508163,16
0.18782992661,0.930000126362,0.659919023514,12
0.213123187423,0.92500013113,0.647773265839,10
0.208820477128,0.917000174522,0.635627508163,19
0.169826596975,0.923000156879,0.655870437622,3
0.188269019127,0.922000169754,0.643724679947,9
0.183294698596,0.926000237465,0.684210538864,10
0.161413624883,0.937000274658,0.692307710648,14
0.241342499852,0.904000222683,0.623481810093,8
0.178068041801,0.932000100613,0.663967609406,14
0.212654843926,0.923000156879,0.704453468323,13
0.189060971141,0.924000144005,0.647773265839,9
0.180276915431,0.91000020504,0.623481810093,7
0.180399537086,0.933000087738,0.676113367081,1
0.234150975943,0.904000043869,0.684210538864,6
0.248588442802,0.905000150204,0.639676094055,14
0.19964325428,0.918000102043,0.659919023514,13
0.196415767074,0.917000114918,0.692307710648,18
0.204915612936,0.920000016689,0.70850199461,9
0.163814395666,0.934000074863,0.65182185173,8
0.227108567953,0.919000029564,0.659919023514,13
0.165356248617,0.931000292301,0.65182185173,10
0.242205202579,0.911000192165,0.62753033638,15
0.192092269659,0.919000267982,0.643724679947,10
0.210050314665,0.923000276089,0.647773265839,13
0.201788842678,0.920000255108,0.700404882431,13
0.200405538082,0.9240000844,0.639676094055,11
0.214047238231,0.921999871731,0.684210538864,9
0.224969923496,0.915000140667,0.647773265839,10
0.177535057068,0.930000305176,0.676113367081,14
0.183415338397,0.92600029707,0.663967609406,14
0.208335787058,0.928000211716,0.647773265839,11
0.190128922462,0.926000237465,0.643724679947,14
0.214677929878,0.916000008583,0.631578922272,13
0.168886646628,0.934000253677,0.672064781189,8
0.193908914924,0.921000123024,0.65182185173,7
0.192916542292,0.919000267982,0.684210538864,13
0.150924563408,0.939000070095,0.720647752285,9
0.185370400548,0.926999986172,0.65182185173,11
0.207553386688,0.914000093937,0.672064781189,11
0.210596427321,0.923000276089,0.623481810093,8
0.201571062207,0.931000113487,0.639676094055,10
0.235062897205,0.916000187397,0.692307710648,20
0.175943076611,0.923000097275,0.672064781189,10
0.22481803596,0.894999980927,0.692307710648,8
0.211765110493,0.917000114918,0.704453468323,12
0.16856855154,0.935000300407,0.663967609406,6
0.204157352448,0.924000263214,0.647773265839,10
0.194890215993,0.921000301838,0.696356296539,15
0.232340320945,0.906999945641,0.619433224201,11
0.168461412191,0.933000028133,0.62753033638,16
0.202422425151,0.928000092506,0.663967609406,11
0.171145185828,0.926000237465,0.712550580502,7
0.145144239068,0.944000005722,0.680161952972,9
0.159662440419,0.938000261784,0.623481810093,15
0.20727711916,0.927000045776,0.635627508163,13
0.16650365293,0.930000245571,0.659919023514,15
0.210553452373,0.917000114918,0.659919023514,7
0.208485201001,0.919000267982,0.619433224201,8
0.195572257042,0.922000110149,0.668016195297,6
0.192650571465,0.92500013113,0.643724679947,12
0.191100075841,0.924000322819,0.688259124756,7
0.20035213232,0.921000123024,0.655870437622,12
0.207033902407,0.90900015831,0.643724679947,9
0.236078962684,0.918000280857,0.65182185173,15
0.198710769415,0.914000153542,0.643724679947,14
0.175246357918,0.92600029707,0.684210538864,13
0.198000431061,0.931000292301,0.655870437622,11
0.210277304053,0.913000166416,0.623481810093,8
0.201375052333,0.90900015831,0.712550580502,9
0.182257533073,0.933000206947,0.672064781189,15
0.166777789593,0.930000126362,0.688259124756,9
0.219499915838,0.910000085831,0.65182185173,5
0.155137389898,0.938000261784,0.688259124756,13
0.186582282186,0.919000148773,0.65182185173,11
0.165471643209,0.929000258446,0.680161952972,8
0.174284547567,0.932000100613,0.688259124756,11
0.217491343617,0.924000501633,0.680161952972,12
0.241755187511,0.904000043869,0.639676094055,13
0.208288192749,0.915999889374,0.643724679947,10
0.183645263314,0.920000135899,0.740890681744,6
0.191483035684,0.921000242233,0.668016195297,8
0.224865019321,0.911000072956,0.704453468323,14
0.166825041175,0.933000087738,0.668016195297,7
0.183315262198,0.922000110149,0.668016195297,17
0.180666670203,0.92700022459,0.672064781189,11
0.182550981641,0.920000255108,0.655870437622,12
0.202069699764,0.921000063419,0.688259124756,10
0.247026517987,0.915000021458,0.631578922272,13
0.204954341054,0.912000060081,0.635627508163,9
0.220266878605,0.915000140667,0.688259124756,10
0.165922254324,0.934000313282,0.684210538864,13
0.188805669546,0.931000232697,0.676113367081,12
0.162407413125,0.922000050545,0.688259124756,8
0.190877184272,0.927000105381,0.639676094055,9
0.210135534406,0.904000103474,0.663967609406,6
0.169581159949,0.924000263214,0.62753033638,4
0.171877771616,0.930000126362,0.65182185173,13
0.184886395931,0.936999976635,0.724696338177,13
0.177344128489,0.926000356674,0.720647752285,10
0.21464318037,0.914000153542,0.631578922272,5
0.194888502359,0.926000118256,0.668016195297,8
0.179913505912,0.931000232697,0.684210538864,10
0.160347610712,0.938000261784,0.680161952972,17
0.188497632742,0.916000187397,0.65182185173,10
0.216411113739,0.923000276089,0.623481810093,9
0.200312867761,0.931000113487,0.700404882431,12
0.202502384782,0.917000114918,0.65182185173,9
0.174275606871,0.928000211716,0.659919023514,10
0.167777791619,0.928000092506,0.631578922272,8
0.189604565501,0.916000306606,0.62753033638,4
0.195562243462,0.92500013113,0.631578922272,20
0.194905743003,0.924000263214,0.631578922272,10
0.186422333121,0.918000042439,0.676113367081,16
0.173546642065,0.925999999046,0.639676094055,12
0.170884594321,0.92700022459,0.684210538864,9
0.218731120229,0.916000306606,0.692307710648,13
0.185143113136,0.932000219822,0.70850199461,20
0.215626865625,0.918000042439,0.643724679947,13
0.182902127504,0.933000206947,0.663967609406,9
0.132630258799,0.949000298977,0.647773265839,12
0.161216676235,0.935000240803,0.643724679947,16
0.176296457648,0.92500013113,0.62753033638,6
0.196515902877,0.919000327587,0.672064781189,11
0.175617367029,0.9240000844,0.676113367081,11
0.162123888731,0.933000206947,0.688259124756,16
0.19918037951,0.916000068188,0.700404882431,17
0.21102668345,0.918000102043,0.676113367081,10
0.193347677588,0.923000276089,0.607287466526,10
0.184662073851,0.920000076294,0.696356296539,9
0.200055778027,0.916000127792,0.680161952972,12
0.151856720448,0.939000248909,0.684210538864,15
0.188602745533,0.935000181198,0.635627508163,11
0.200708925724,0.920000314713,0.668016195297,9
0.184343695641,0.921000242233,0.62753033638,11
0.189527049661,0.926000237465,0.643724679947,8
0.213130146265,0.914999902248,0.631578922272,9
0.20526792109,0.922000110149,0.672064781189,13
0.152539789677,0.924000144005,0.659919023514,11
0.159080311656,0.943000257015,0.619433224201,11
0.197903826833,0.920000076294,0.639676094055,7
0.219359323382,0.910000145435,0.668016195297,7
0.168377056718,0.935000181198,0.647773265839,7
0.144639134407,0.94100022316,0.676113367081,10
0.166673615575,0.939000070095,0.635627508163,13
0.175314620137,0.934000194073,0.639676094055,9
0.166577041149,0.931000113487,0.639676094055,9
0.177159905434,0.930000245571,0.700404882431,10
0.183975294232,0.919000089169,0.643724679947,13
0.183615148067,0.931000113487,0.672064781189,10
0.125513330102,0.955000162125,0.62753033638,13
0.154723927379,0.934000074863,0.65182185173,14
0.194779783487,0.92800027132,0.639676094055,13
0.174109444022,0.924000322819,0.62753033638,9
0.142659023404,0.937000095844,0.672064781189,12
0.17998547852,0.925000309944,0.676113367081,16
0.24019870162,0.911000132561,0.676113367081,13
0.163650974631,0.933000206947,0.672064781189,9
0.1818857342,0.934000253677,0.684210538864,12
0.208358645439,0.912000060081,0.684210538864,12
0.183150723577,0.930000126362,0.668016195297,6
0.154607146978,0.930000126362,0.692307710648,11
0.197025150061,0.920000135899,0.676113367081,8
0.164353594184,0.92700022459,0.672064781189,13
0.201435431838,0.919000267982,0.672064781189,16
0.139573991299,0.940000236034,0.647773265839,13
0.201024100184,0.922000348568,0.668016195297,5
0.171250641346,0.930000066757,0.643724679947,11
0.167711317539,0.929000079632,0.668016195297,8
0.164416387677,0.929000020027,0.639676094055,15
0.179548487067,0.934000253677,0.65182185173,9
0.198870167136,0.929000258446,0.62753033638,12
0.196165695786,0.92600029707,0.639676094055,6
0.137662634254,0.935000181198,0.692307710648,16
0.160856708884,0.934000074863,0.643724679947,10
0.160827457905,0.930000245571,0.659919023514,10
0.174063399434,0.932000279427,0.647773265839,8
0.191558748484,0.935000240803,0.676113367081,8
0.163611531258,0.934000074863,0.680161952972,11
0.170376449823,0.934000074863,0.676113367081,9
0.166418164968,0.928000211716,0.672064781189,11
0.182342752814,0.919000089169,0.643724679947,9
0.175250396132,0.928000032902,0.668016195297,16
0.219641089439,0.919000089169,0.659919023514,4
0.225661188364,0.909000039101,0.688259124756,17
0.179345428944,0.919000089169,0.631578922272,11
0.186545550823,0.926000118256,0.663967609406,15
0.191383242607,0.918000042439,0.62753033638,9
0.189978346229,0.923000276089,0.680161952972,11
0.171288073063,0.921000123024,0.684210538864,11
0.203308627009,0.916000008583,0.676113367081,11
0.163174360991,0.92700022459,0.619433224201,8
0.152830451727,0.932000100613,0.70850199461,10
0.153354540467,0.925000071526,0.700404882431,7
0.179819583893,0.930000305176,0.712550580502,13
0.17963540554,0.9240000844,0.700404882431,19
0.197807744145,0.920000314713,0.712550580502,16
0.173355638981,0.915000140667,0.599190294743,12
0.160883769393,0.92900031805,0.615384638309,8
0.154568463564,0.92900031805,0.712550580502,6
0.190188392997,0.90900015831,0.680161952972,8
0.168860092759,0.932000219822,0.619433224201,17
0.165569394827,0.930000126362,0.615384638309,8
0.14327724278,0.937000215054,0.595141708851,11
0.176113590598,0.926000118256,0.591093122959,7
0.184731289744,0.923000276089,0.623481810093,10
0.188329160213,0.921000123024,0.631578922272,9
0.170644566417,0.923000156879,0.635627508163,9
0.179376408458,0.92500013113,0.692307710648,10
0.173139423132,0.923000097275,0.680161952972,12
0.193943753839,0.926000118256,0.659919023514,10
0.192897930741,0.920000255108,0.639676094055,12
0.173206746578,0.92600029707,0.639676094055,13
0.19709096849,0.919000327587,0.696356296539,12
0.170251563191,0.932000279427,0.655870437622,14
0.131510436535,0.929000139236,0.639676094055,16
0.16296094656,0.938000202179,0.643724679947,14
0.185386523604,0.935000181198,0.696356296539,16
0.192924842238,0.919000267982,0.615384638309,13
0.158144593239,0.933000206947,0.607287466526,13
0.166285172105,0.933000266552,0.631578922272,10
0.173259854317,0.926000237465,0.70850199461,13
0.190529733896,0.920000314713,0.704453468323,15
0.143740609288,0.942000210285,0.700404882431,20
0.169907793403,0.931000113487,0.659919023514,12
0.184763997793,0.933000206947,0.676113367081,7
0.199180617929,0.918000161648,0.659919023514,11
0.164485737681,0.929000079632,0.688259124756,14
0.192186921835,0.91000020504,0.680161952972,9
0.166063174605,0.933000206947,0.607287466526,9
0.166804358363,0.930000066757,0.659919023514,6
0.164381891489,0.923000156879,0.643724679947,14
0.179700314999,0.92800027132,0.688259124756,15
0.174838021398,0.935000061989,0.619433224201,10
0.20090444386,0.922000169754,0.663967609406,15
0.160500913858,0.931000113487,0.639676094055,11
0.161380842328,0.936000227928,0.704453468323,8
0.179921030998,0.92800027132,0.688259124756,12
0.179218098521,0.92900031805,0.615384638309,13
0.188115790486,0.92500013113,0.615384638309,9
0.120086841285,0.948000133038,0.655870437622,14
0.146119043231,0.937000334263,0.668016195297,14
0.179837957025,0.928000092506,0.647773265839,17
0.172616958618,0.922000288963,0.647773265839,9
0.201370999217,0.914000034332,0.692307710648,9
0.184785798192,0.926000356674,0.672064781189,15
0.190243646502,0.92600029707,0.639676094055,9
0.178012922406,0.925999999046,0.615384638309,9
0.120383903384,0.952000200748,0.692307710648,14
0.171730980277,0.935000300407,0.663967609406,7
0.16051235795,0.92600029707,0.663967609406,17
0.178488120437,0.921000361443,0.65182185173,8
0.177184060216,0.917000174522,0.668016195297,11
0.128337174654,0.944000065327,0.668016195297,10
0.162064030766,0.928000092506,0.639676094055,10
0.183004528284,0.922000110149,0.582995951176,7
0.150472819805,0.931000232697,0.680161952972,9
0.15131342411,0.932000219822,0.639676094055,9
0.140571802855,0.944000244141,0.680161952972,11
0.189502760768,0.927000284195,0.672064781189,13
0.138507500291,0.932000100613,0.659919023514,14
0.157808959484,0.934000194073,0.684210538864,10
0.183433949947,0.924000263214,0.655870437622,9
0.18304887414,0.92700022459,0.655870437622,12
0.155828565359,0.923000097275,0.643724679947,16
0.209197863936,0.912000060081,0.716599166393,5
0.184121876955,0.926000237465,0.62753033638,7
0.202274501324,0.921000123024,0.680161952972,13
0.142308324575,0.930000126362,0.663967609406,9
0.161403104663,0.935000240803,0.659919023514,11
0.195728763938,0.922000169754,0.672064781189,12
0.169964313507,0.931000292301,0.643724679947,13
0.191949889064,0.92500013113,0.680161952972,7
0.179577484727,0.933000206947,0.639676094055,10
0.158586427569,0.934000313282,0.635627508163,9
0.155904874206,0.935000181198,0.73279350996,8
0.177435070276,0.928000211716,0.655870437622,7
0.203948676586,0.928000092506,0.672064781189,7
0.183713287115,0.933000206947,0.623481810093,7
0.166257739067,0.935000181198,0.62753033638,11
0.212643265724,0.909000098705,0.659919023514,16
0.143067002296,0.947000265121,0.631578922272,13
0.189220681787,0.915000140667,0.65182185173,15
0.170103266835,0.927000105381,0.688259124756,11
0.16109777987,0.929000139236,0.635627508163,9
0.149648606777,0.934000194073,0.659919023514,13
0.144071117043,0.938000321388,0.676113367081,10
0.184767365456,0.929000139236,0.700404882431,15
0.196855083108,0.917000174522,0.65182185173,7
0.154316052794,0.933000087738,0.688259124756,9
0.176031395793,0.926000237465,0.65182185173,5
0.155575603247,0.92300003767,0.672064781189,10
0.141194969416,0.943000197411,0.740890681744,16
0.186638206244,0.930000245571,0.668016195297,12
0.176200598478,0.933000206947,0.663967609406,13
0.185889393091,0.928000032902,0.599190294743,8
0.14944806695,0.940000295639,0.672064781189,8
0.159041121602,0.932000279427,0.672064781189,8
0.167964860797,0.934000313282,0.684210538864,15
0.191775858402,0.924000263214,0.611336052418,16
0.142189025879,0.952000141144,0.700404882431,9
0.16724050045,0.922000288963,0.655870437622,10
0.223829254508,0.915000140667,0.639676094055,15
0.139930143952,0.944000065327,0.65182185173,9
0.167491152883,0.92800027132,0.655870437622,17
0.132349818945,0.945000290871,0.712550580502,9
0.167250111699,0.922000288963,0.663967609406,21
0.143761888146,0.94100022316,0.684210538864,10
0.155758574605,0.931000292301,0.631578922272,8
0.152065977454,0.930000245571,0.688259124756,9
0.155217766762,0.938000261784,0.696356296539,12
0.153465092182,0.932000219822,0.680161952972,15
0.161623045802,0.934000253677,0.659919023514,7
0.180392935872,0.921000242233,0.659919023514,10
0.158208906651,0.934000194073,0.643724679947,15
0.204361915588,0.905000090599,0.684210538864,9
0.188373565674,0.915000140667,0.680161952972,7
0.155701220036,0.945000231266,0.643724679947,11
0.162366688251,0.93900001049,0.623481810093,4
0.123088762164,0.946000218391,0.631578922272,9
0.16816598177,0.932000219822,0.680161952972,7
0.164834499359,0.94000017643,0.631578922272,11
0.151133447886,0.940000295639,0.607287466526,13
0.158030688763,0.931000232697,0.647773265839,16
0.13186340034,0.951000213623,0.655870437622,11
0.172883093357,0.919000148773,0.635627508163,10
0.181597441435,0.938000202179,0.672064781189,20
0.116266451776,0.945000171661,0.663967609406,9
0.170641854405,0.939000308514,0.659919023514,10
0.169221192598,0.935000360012,0.635627508163,10
0.154943689704,0.931000053883,0.639676094055,14
0.153163403273,0.935000240803,0.643724679947,8
0.20241998136,0.919000327587,0.672064781189,9
0.133004307747,0.937000274658,0.647773265839,11
0.161361545324,0.928999960423,0.663967609406,11
0.15057477355,0.937000215054,0.680161952972,13
0.170298427343,0.922000169754,0.663967609406,13
0.176854014397,0.921000123024,0.635627508163,10
0.158117681742,0.924000144005,0.611336052418,8
0.125523835421,0.940000295639,0.643724679947,7
0.168502658606,0.931000232697,0.631578922272,9
0.167672276497,0.934000253677,0.631578922272,18
0.190391689539,0.916000187397,0.676113367081,8
0.175474777818,0.924000144005,0.615384638309,18
0.175158575177,0.923000156879,0.623481810093,6
0.184514865279,0.926000058651,0.655870437622,11
0.14104129374,0.939000248909,0.668016195297,10
0.208303272724,0.9240000844,0.688259124756,13
0.121792957187,0.949000120163,0.62753033638,10
0.145849823952,0.933000206947,0.631578922272,9
0.139268010855,0.937000274658,0.663967609406,13
0.1612765342,0.936000227928,0.607287466526,9
0.192020699382,0.934000074863,0.700404882431,9
0.147094711661,0.939000189304,0.655870437622,13
0.169922918081,0.934000194073,0.62753033638,9
0.138775721192,0.938000261784,0.62753033638,10
0.184400543571,0.926000118256,0.668016195297,11
0.171151980758,0.933000087738,0.65182185173,13
0.167728900909,0.930000126362,0.619433224201,14
0.145159557462,0.943000257015,0.684210538864,12
0.154468238354,0.92700022459,0.736842095852,9
0.156677573919,0.934000194073,0.603238880634,8
0.143920630217,0.928000092506,0.672064781189,8
0.180642664433,0.931000113487,0.635627508163,13
0.173492759466,0.929000139236,0.631578922272,11
0.133973732591,0.943000078201,0.643724679947,13
0.162196204066,0.939000248909,0.62753033638,9
0.155265152454,0.933000087738,0.635627508163,15
0.1150033921,0.947000205517,0.643724679947,13
0.172788083553,0.92700022459,0.615384638309,12
0.138875305653,0.940000236034,0.668016195297,9
0.181206449866,0.941000282764,0.623481810093,9
0.143624871969,0.940000295639,0.659919023514,13
0.125141203403,0.945000231266,0.65182185173,5
0.133983835578,0.94000017643,0.611336052418,10
0.148303553462,0.930000245571,0.663967609406,12
0.170609802008,0.92700022459,0.672064781189,11
0.157195925713,0.935000300407,0.663967609406,8
0.141281217337,0.934000074863,0.635627508163,14
0.141636997461,0.934000194073,0.635627508163,8
0.198710799217,0.923000276089,0.684210538864,14
0.18532012403,0.932000100613,0.659919023514,8
0.142385050654,0.934000253677,0.635627508163,10
0.138826519251,0.934000074863,0.672064781189,6
0.165178716183,0.932000219822,0.65182185173,7
0.163867965341,0.926000237465,0.623481810093,10
0.163314953446,0.930000305176,0.611336052418,12
0.192239716649,0.933000087738,0.65182185173,12
0.170722812414,0.928000211716,0.631578922272,11
0.160964697599,0.911000132561,0.631578922272,9
0.163639754057,0.934000253677,0.696356296539,3
0.154302224517,0.932000100613,0.647773265839,10
0.154621481895,0.943000078201,0.619433224201,13
0.148442745209,0.942000448704,0.639676094055,9
0.155806168914,0.931000232697,0.659919023514,10
0.155257195234,0.934000194073,0.643724679947,10
0.150041460991,0.935000240803,0.668016195297,10
0.134983509779,0.938000202179,0.684210538864,8
0.156996831298,0.920000135899,0.639676094055,11
0.169890105724,0.929000079632,0.655870437622,15
0.149527579546,0.936000049114,0.615384638309,12
0.160607993603,0.943000257015,0.65182185173,7
0.14197665453,0.930000245571,0.619433224201,10
0.180278778076,0.933000266552,0.603238880634,6
0.147798225284,0.934000015259,0.700404882431,9
0.148863643408,0.940000236034,0.700404882431,12
0.135081097484,0.947000145912,0.631578922272,5
0.145936846733,0.943000197411,0.704453468323,18
0.140633776784,0.938000202179,0.647773265839,11
0.14814029634,0.942000329494,0.659919023514,5
0.226647019386,0.92500025034,0.655870437622,9
0.150949537754,0.928000211716,0.655870437622,11
0.149549201131,0.931000232697,0.680161952972,18
0.151863828301,0.932000219822,0.676113367081,8
0.17171920836,0.930000066757,0.647773265839,7
0.161529406905,0.942000150681,0.639676094055,5
0.125685632229,0.944000244141,0.692307710648,12
0.141218692064,0.932000100613,0.70850199461,10
0.150550559163,0.930000066757,0.631578922272,13
0.163126692176,0.936000227928,0.659919023514,20
0.167150020599,0.943000257015,0.688259124756,15
0.155221238732,0.927000284195,0.655870437622,11
0.166313380003,0.93599998951,0.668016195297,9
0.166801869869,0.932000219822,0.62753033638,15
0.145979419351,0.927000105381,0.599190294743,12
0.156238824129,0.92600029707,0.619433224201,12
0.141585841775,0.946000218391,0.639676094055,12
0.122499555349,0.952000141144,0.619433224201,14
0.125467315316,0.951000273228,0.639676094055,11
0.148099720478,0.942000031471,0.692307710648,12
0.122429668903,0.941000044346,0.684210538864,11
0.151878118515,0.930000245571,0.639676094055,12
0.128087773919,0.945000171661,0.619433224201,15
0.135639742017,0.943000197411,0.623481810093,8
0.144024938345,0.940000236034,0.639676094055,9
0.148919180036,0.938000321388,0.62753033638,7
0.166165098548,0.936000287533,0.582995951176,12
0.127528578043,0.946000218391,0.680161952972,9
0.141637280583,0.950000166893,0.688259124756,12
0.162542194128,0.92800027132,0.663967609406,12
0.168522849679,0.934000074863,0.712550580502,11
0.170943185687,0.932000279427,0.619433224201,8
0.150068774819,0.932000219822,0.65182185173,14
0.197263494134,0.9240000844,0.615384638309,10
0.149051755667,0.946000218391,0.680161952972,12
0.131654426455,0.945000231266,0.65182185173,15
0.170812129974,0.936000227928,0.62753033638,18
0.15005402267,0.950000226498,0.688259124756,9
0.155708432198,0.942000210285,0.607287466526,7
0.134680092335,0.940000236034,0.684210538864,13
0.123753406107,0.929000139236,0.623481810093,11
0.133129358292,0.943000257015,0.631578922272,8
0.160434737802,0.931000232697,0.692307710648,13
0.153962701559,0.92700022459,0.643724679947,9
0.128178760409,0.941000163555,0.635627508163,14
0.134128794074,0.944000244141,0.65182185173,10
0.133132785559,0.950000226498,0.704453468323,17
0.149662077427,0.929000139236,0.62753033638,9
0.169164612889,0.919000089169,0.62753033638,15
0.137732222676,0.933000087738,0.631578922272,12
0.153809204698,0.939000308514,0.704453468323,7
0.0919323712587,0.954000115395,0.62753033638,16
0.205034658313,0.916000127792,0.631578922272,6
0.192102149129,0.928000211716,0.603238880634,10
0.169088408351,0.940000295639,0.603238880634,8
0.179202437401,0.929000079632,0.696356296539,8
0.146827802062,0.947000205517,0.631578922272,11
0.161147534847,0.928000211716,0.619433224201,11
0.128245234489,0.943000197411,0.643724679947,18
0.154122173786,0.932000279427,0.619433224201,15
0.152713164687,0.930000126362,0.672064781189,11
0.147427752614,0.934000194073,0.62753033638,10
0.155077278614,0.926000237465,0.639676094055,18
0.140746235847,0.930000245571,0.607287466526,14
0.146497577429,0.927000284195,0.680161952972,12
0.157700106502,0.932000100613,0.623481810093,15
0.164223894477,0.926000118256,0.65182185173,8
0.142832353711,0.935000300407,0.692307710648,7
0.181244507432,0.929000258446,0.684210538864,8
0.150481760502,0.933000206947,0.680161952972,15
