2.04932332039,0.218249946833,<var@7f71ab2db110>
1.84591412544,0.311499983072,<var@7f71ab2dd8d0>
1.8125910759,0.321249961853,<var@7f71ab2dd490>
1.73327302933,0.346500009298,<var@7f71ab2dd390>
1.65632128716,0.376499980688,<var@7f71ab2dd410>
1.61451756954,0.390749931335,<var@7f71ab2dd350>
1.56033098698,0.418500036001,<var@7f71ab2dda90>
1.55361521244,0.407749950886,<var@7f71ab2dd8d0>
1.48852574825,0.427749723196,<var@7f71ab2dd050>
1.47113621235,0.432750016451,<var@7f71ab2dd6d0>
1.46241009235,0.446249932051,<var@7f71ab2dd090>
1.51608133316,0.411499947309,<var@7f71ab2dd390>
1.44672942162,0.440250098705,<var@7f71ab2dd2d0>
1.45448243618,0.448249995708,<var@7f71ab2dd0d0>
1.43312799931,0.448500037193,<var@7f71ab2ddb50>
1.41705393791,0.459249913692,<var@7f71ab2dd2d0>
1.4449801445,0.443250060081,<var@7f71ab2dd150>
1.39729487896,0.464249968529,<var@7f71ab2ddb50>
1.43292725086,0.455749928951,<var@7f71ab2ddc90>
1.40798938274,0.449749946594,<var@7f71ab2dd150>
1.4179623127,0.45425003767,<var@7f71ab2dd210>
1.39644384384,0.462499797344,<var@7f71ab2ddc90>
1.37018370628,0.478749871254,<var@7f71ab2dd550>
1.3889465332,0.45999994874,<var@7f71ab2dd210>
1.39693391323,0.459749996662,<var@7f71263bb3d0>
1.36870920658,0.469250112772,<var@7f71263bbc50>
1.38872528076,0.457250028849,<var@7f71263bb790>
1.38592731953,0.471750110388,<var@7f71263bb9d0>
1.33525133133,0.475749790668,<var@7f71263bb5d0>
1.38542377949,0.467499911785,<var@7f71263bbbd0>
1.34512829781,0.479499995708,<var@7f71263bb3d0>
1.35069966316,0.469000130892,<var@7f71263bb2d0>
1.37594270706,0.462499886751,<var@7f71263bb150>
1.36431717873,0.459500163794,<var@7f71263bb250>
1.38242566586,0.47024974227,<var@7f71263bb790>
1.3130017519,0.494249999523,<var@7f71263bb6d0>
1.31425309181,0.478250056505,<var@7f71263bb610>
1.35299146175,0.480250060558,<var@7f71263bb950>
1.32457590103,0.485499799252,<var@7f71263bb6d0>
1.31108272076,0.483250111341,<var@7f71263bb650>
1.32023763657,0.491250067949,<var@7f71263bb950>
1.33457040787,0.477250009775,<var@7f71263bbb50>
1.33824384212,0.483499974012,<var@7f71263bb650>
1.33564853668,0.483000069857,<var@7f71263bb7d0>
1.29374694824,0.491499990225,<var@7f71263bbb50>
1.35052800179,0.473749995232,<var@7f71263bb710>
1.30546581745,0.489250004292,<var@7f71263bb7d0>
1.30189955235,0.503000020981,<var@7f71263bbd90>
1.30736064911,0.485499978065,<var@7f71263bb710>
1.30852735043,0.487999945879,<var@7f71263bba10>
1.30395519733,0.489499956369,<var@7f71263bbd90>
1.30130434036,0.483999967575,<var@7f71263bb0d0>
1.27814817429,0.502499997616,<var@7f71264003d0>
1.27953338623,0.505249738693,<var@7f7126400c50>
1.30026423931,0.483000040054,<var@7f7126400790>
1.30735135078,0.484750062227,<var@7f71264009d0>
1.2769690752,0.497500032187,<var@7f71264005d0>
1.29727494717,0.495499968529,<var@7f7126400bd0>
1.26135957241,0.506499826908,<var@7f71264003d0>
1.26365816593,0.506499767303,<var@7f71264002d0>
1.2946228981,0.485500097275,<var@7f7126400150>
1.30675172806,0.489999949932,<var@7f7126400250>
1.3279311657,0.489500135183,<var@7f7126400790>
1.28485774994,0.499750107527,<var@7f71264006d0>
1.33673906326,0.477750062943,<var@7f7126400610>
1.31223070621,0.488999962807,<var@7f7126400950>
1.27719604969,0.506000041962,<var@7f71264006d0>
1.27572345734,0.493500053883,<var@7f7126400650>
1.26414442062,0.502249777317,<var@7f7126400950>
1.28770446777,0.486249893904,<var@7f7126400b50>
1.28515839577,0.488000094891,<var@7f7126400650>
1.26074123383,0.495499908924,<var@7f71264007d0>
1.31996548176,0.475500106812,<var@7f7126400b50>
1.29786419868,0.498000055552,<var@7f7126400710>
1.2835547924,0.503750085831,<var@7f71264007d0>
1.27945721149,0.509249925613,<var@7f7126400d90>
1.28854203224,0.499250233173,<var@7f7126400710>
1.27278780937,0.500249803066,<var@7f7126400a10>
1.32113492489,0.48850017786,<var@7f71ab1573d0>
1.29913020134,0.48875015974,<var@7f71ab157c50>
1.26704633236,0.503749787807,<var@7f71ab157790>
1.27256834507,0.4984998703,<var@7f71ab1579d0>
1.26817023754,0.492500007153,<var@7f71ab1575d0>
1.25386846066,0.510249853134,<var@7f71ab157bd0>
1.21543073654,0.524500012398,<var@7f71ab1573d0>
1.25954914093,0.512999951839,<var@7f71ab1572d0>
1.31295001507,0.486000150442,<var@7f71ab157150>
1.2554744482,0.497750103474,<var@7f71ab157250>
1.2583514452,0.504500150681,<var@7f71ab157790>
1.28684139252,0.498749822378,<var@7f71ab1576d0>
1.26361894608,0.508499920368,<var@7f71ab157610>
1.23065114021,0.495999872684,<var@7f71ab157950>
1.28973865509,0.492499947548,<var@7f71ab1576d0>
1.23336327076,0.504750072956,<var@7f71ab157650>
1.30528092384,0.501000106335,<var@7f71ab157950>
1.23847186565,0.49949991703,<var@7f71ab157b50>
1.24893534184,0.504249930382,<var@7f71ab157650>
1.28244781494,0.507499933243,<var@7f71ab1577d0>
1.25915300846,0.494250029325,<var@7f71ab157b50>
1.2633587122,0.498250037432,<var@7f71ab157710>
1.24100446701,0.513249993324,<var@7f71ab1577d0>
1.23376560211,0.512249946594,<var@7f71ab157d90>
1.23128628731,0.512499809265,<var@7f71ab157710>
1.23951911926,0.494249910116,<var@7f71ab157a10>
1.23972809315,0.512000024319,<var@7f71ab2173d0>
1.22776889801,0.521750032902,<var@7f71ab217c50>
1.24020588398,0.521499991417,<var@7f71ab217790>
1.22209608555,0.50400018692,<var@7f71ab2179d0>
1.2537060976,0.503750085831,<var@7f71ab2175d0>
1.22468602657,0.508749961853,<var@7f71ab217bd0>
1.27859914303,0.504499971867,<var@7f71ab2173d0>
1.23071563244,0.523499727249,<var@7f71ab2172d0>
1.25325489044,0.50050008297,<var@7f71ab217150>
1.24659895897,0.4984998703,<var@7f71ab217250>
1.22811222076,0.521999955177,<var@7f71ab217790>
1.28070414066,0.486750036478,<var@7f71ab2176d0>
1.23350858688,0.506999909878,<var@7f71ab217610>
1.26850056648,0.50150001049,<var@7f71ab217950>
1.24412822723,0.504250049591,<var@7f71ab2176d0>
1.22220182419,0.514750063419,<var@7f71ab217650>
1.27605068684,0.49899995327,<var@7f71ab217950>
1.21357882023,0.518999993801,<var@7f71ab217b50>
1.26684939861,0.495500147343,<var@7f71ab217650>
1.25465130806,0.501249909401,<var@7f71ab2177d0>
1.244607687,0.506000101566,<var@7f71ab217b50>
1.26211535931,0.502749979496,<var@7f71ab217710>
1.21672081947,0.511500000954,<var@7f71ab2177d0>
1.24018323421,0.506999909878,<var@7f71ab217d90>
1.24719727039,0.50225007534,<var@7f71ab217710>
1.23110187054,0.504249989986,<var@7f71ab0a83d0>
1.19214236736,0.518750011921,<var@7f71ab0a8c50>
1.19303250313,0.529500067234,<var@7f71ab0a8790>
1.22007286549,0.509750068188,<var@7f71ab0a89d0>
1.21722686291,0.512749910355,<var@7f71ab0a85d0>
1.27176678181,0.503250002861,<var@7f71ab0a8bd0>
1.21413040161,0.513999998569,<var@7f71ab0a83d0>
1.23116457462,0.511500060558,<var@7f71ab0a82d0>
1.22818660736,0.505000174046,<var@7f71ab0a8150>
1.18416643143,0.522750020027,<var@7f71ab0a8250>
1.20892465115,0.503500044346,<var@7f71ab0a8790>
1.23134934902,0.505000054836,<var@7f71ab0a86d0>
1.18504083157,0.52974998951,<var@7f71ab0a8610>
1.21669638157,0.500249922276,<var@7f71ab0a8950>
1.21643722057,0.51599997282,<var@7f71ab0a86d0>
1.20623171329,0.521250128746,<var@7f71ab0a8650>
1.20708167553,0.519999980927,<var@7f71ab0a8950>
1.17871785164,0.52649974823,<var@7f71ab0a8b50>
1.2171189785,0.505999982357,<var@7f71ab0a8650>
1.24473392963,0.510500013828,<var@7f71ab0a87d0>
1.24081707001,0.505249977112,<var@7f71ab0a8b50>
1.22834634781,0.501749992371,<var@7f71ab0a8710>
1.28399753571,0.491250008345,<var@7f71ab0a87d0>
1.22082781792,0.513249874115,<var@7f71ab0a8d90>
1.22366201878,0.502499938011,<var@7f71ab0a8710>
1.22344446182,0.516749918461,<var@7f71ab0a8a10>
1.19368684292,0.528249979019,<var@7f71ab0d73d0>
1.18975436687,0.522499859333,<var@7f71ab0d7c50>
1.20792210102,0.530500054359,<var@7f71ab0d7790>
1.19227802753,0.512500047684,<var@7f71ab0d79d0>
1.20339691639,0.522499978542,<var@7f71ab0d75d0>
1.20865094662,0.514499902725,<var@7f71ab0d7bd0>
1.24215352535,0.510500013828,<var@7f71ab0d73d0>
1.18268966675,0.525750339031,<var@7f71ab0d72d0>
1.21107423306,0.519500017166,<var@7f71ab0d7150>
1.23722910881,0.510250031948,<var@7f71ab0d7250>
1.18169856071,0.524999976158,<var@7f71ab0d7790>
1.2142790556,0.512000024319,<var@7f71ab0d76d0>
1.19821596146,0.520749926567,<var@7f71ab0d7610>
1.1999861002,0.519250094891,<var@7f71ab0d7950>
1.19963431358,0.525750219822,<var@7f71ab0d76d0>
1.21172809601,0.514500081539,<var@7f71ab0d7650>
1.19864606857,0.523750007153,<var@7f71ab0d7950>
1.14165854454,0.537749826908,<var@7f71ab0d7b50>
1.20858347416,0.501249909401,<var@7f71ab0d7650>
1.23129451275,0.512000143528,<var@7f71ab0d77d0>
1.24666965008,0.504500150681,<var@7f71ab0d7b50>
1.18231356144,0.519749999046,<var@7f71ab0d7710>
1.20443582535,0.519500076771,<var@7f71ab0d77d0>
1.19138121605,0.527000069618,<var@7f71ab0d7d90>
1.19344115257,0.523250102997,<var@7f71ab0d7710>
1.20645046234,0.522499859333,<var@7f71ab0173d0>
1.19144797325,0.524499952793,<var@7f71ab017c50>
1.18989276886,0.521499872208,<var@7f71ab017790>
1.16120302677,0.524250030518,<var@7f71ab0179d0>
1.15377771854,0.529750049114,<var@7f71ab0175d0>
1.19204843044,0.516999781132,<var@7f71ab017bd0>
1.20664691925,0.511999666691,<var@7f71ab0173d0>
1.22604227066,0.517500042915,<var@7f71ab0172d0>
1.19653141499,0.508749902248,<var@7f71ab017150>
1.20007586479,0.512250006199,<var@7f71ab017250>
1.1953047514,0.513000130653,<var@7f71ab017790>
1.17522275448,0.518500030041,<var@7f71ab0176d0>
1.17391192913,0.523500084877,<var@7f71ab017610>
1.19027221203,0.525999844074,<var@7f71ab017950>
1.22620952129,0.50100004673,<var@7f71ab0176d0>
1.193323493,0.521000146866,<var@7f71ab017650>
1.2232375145,0.509500086308,<var@7f71ab017950>
1.17745769024,0.516749858856,<var@7f71ab017b50>
1.20205259323,0.520500123501,<var@7f71ab017650>
1.15668642521,0.529250085354,<var@7f71ab0177d0>
1.16942965984,0.520249962807,<var@7f71ab017b50>
1.22605609894,0.507750093937,<var@7f71ab017710>
1.22482156754,0.512500166893,<var@7f71ab0177d0>
1.20341336727,0.516250014305,<var@7f71ab017d90>
1.18898439407,0.519999921322,<var@7f71ab017710>
1.19482851028,0.524749994278,<var@7f71ab017a10>
1.19265294075,0.524499833584,<var@7f71ab1973d0>
1.19847750664,0.520249843597,<var@7f71ab197c50>
1.1935018301,0.524999976158,<var@7f71ab197790>
1.23689174652,0.509249746799,<var@7f71ab1979d0>
1.2046482563,0.51599997282,<var@7f71ab1975d0>
1.17837512493,0.520499885082,<var@7f71ab197bd0>
1.17030727863,0.52849984169,<var@7f71ab1973d0>
1.15618693829,0.529750049114,<var@7f71ab1972d0>
1.1872792244,0.524749934673,<var@7f71ab197150>
1.17805099487,0.521750152111,<var@7f71ab197250>
1.1979804039,0.513999998569,<var@7f71ab197790>
1.18984174728,0.513500034809,<var@7f71ab1976d0>
1.16683757305,0.526249945164,<var@7f71ab197610>
1.17787849903,0.527499914169,<var@7f71ab197950>
1.16840970516,0.524250090122,<var@7f71ab1976d0>
1.19175219536,0.514750003815,<var@7f71ab197650>
1.18758058548,0.528750002384,<var@7f71ab197950>
1.18412172794,0.505249977112,<var@7f71ab197b50>
1.18370139599,0.530250132084,<var@7f71ab197650>
1.18984222412,0.51700001955,<var@7f71ab1977d0>
1.13369750977,0.525999844074,<var@7f71ab197b50>
1.13402497768,0.538500070572,<var@7f71ab197710>
1.16350674629,0.529500007629,<var@7f71ab1977d0>
1.18253779411,0.519999861717,<var@7f71ab197d90>
1.15674138069,0.532750070095,<var@7f71ab197710>
1.20859646797,0.521749973297,<var@7f71ab1c53d0>
1.14438998699,0.539250016212,<var@7f71ab1c5c50>
1.18304812908,0.513000071049,<var@7f71ab1c5790>
1.17820179462,0.537250161171,<var@7f71ab1c59d0>
1.15991902351,0.543000161648,<var@7f71ab1c55d0>
1.14080989361,0.528250098228,<var@7f71ab1c5bd0>
1.19583201408,0.520500004292,<var@7f71ab1c53d0>
1.13966464996,0.543000042439,<var@7f71ab1c52d0>
1.13472700119,0.526999950409,<var@7f71ab1c5150>
1.17815566063,0.524500012398,<var@7f71ab1c5250>
1.20106375217,0.527000129223,<var@7f71ab1c5790>
1.24415171146,0.498750001192,<var@7f71ab1c56d0>
1.17082369328,0.520499944687,<var@7f71ab1c5610>
1.15825366974,0.524999856949,<var@7f71ab1c5950>
1.14139473438,0.53450012207,<var@7f71ab1c56d0>
1.17856740952,0.520250082016,<var@7f71ab1c5650>
1.20459401608,0.515749871731,<var@7f71ab1c5950>
1.16749298573,0.540000021458,<var@7f71ab1c5b50>
1.17507481575,0.522249937057,<var@7f71ab1c5650>
1.16548323631,0.521750032902,<var@7f71ab1c57d0>
1.15795016289,0.523749947548,<var@7f71ab1c5b50>
1.18660950661,0.522500097752,<var@7f71ab1c5710>
1.20064628124,0.518249928951,<var@7f71ab1c57d0>
1.21055603027,0.523500025272,<var@7f71ab1c5d90>
1.14330518246,0.537250101566,<var@7f71ab1c5710>
1.19934272766,0.519749939442,<var@7f71ab1c5a10>
1.17016077042,0.52874994278,<var@7f71ab1573d0>
1.14247012138,0.533499956131,<var@7f71ab157c50>
1.1593708992,0.528500080109,<var@7f71ab157790>
1.14940941334,0.530249834061,<var@7f71ab1579d0>
1.19441068172,0.535749912262,<var@7f71ab1575d0>
1.16350209713,0.532249927521,<var@7f71ab157bd0>
1.12652516365,0.537249803543,<var@7f71ab1573d0>
1.17337226868,0.530000209808,<var@7f71ab1572d0>
1.21063244343,0.526750028133,<var@7f71ab157150>
1.19857466221,0.520999968052,<var@7f71ab157250>
1.19752764702,0.51675003767,<var@7f71ab157790>
1.16428303719,0.541500031948,<var@7f71ab1576d0>
1.16723680496,0.524749994278,<var@7f71ab157610>
1.21185004711,0.518249988556,<var@7f71ab157950>
1.17007291317,0.529500067234,<var@7f71ab1576d0>
1.12819504738,0.545249760151,<var@7f71ab157650>
1.17501616478,0.518000006676,<var@7f71ab157950>
1.15137577057,0.540000140667,<var@7f71ab157b50>
1.15131044388,0.542749941349,<var@7f71ab157650>
1.16784632206,0.529500186443,<var@7f71ab1577d0>
1.18571472168,0.517499804497,<var@7f71ab157b50>
1.18243789673,0.517000079155,<var@7f71ab157710>
1.13624989986,0.538250148296,<var@7f71ab1577d0>
1.15124130249,0.536749899387,<var@7f71ab157d90>
1.1444671154,0.534999907017,<var@7f71ab157710>
1.10711634159,0.545000076294,<var@7f71ab1173d0>
1.17819452286,0.521500229836,<var@7f71ab117c50>
1.15283608437,0.532500088215,<var@7f71ab117790>
1.16768276691,0.518250226974,<var@7f71ab1179d0>
1.17400205135,0.521749854088,<var@7f71ab1175d0>
1.18094408512,0.514749884605,<var@7f71ab117bd0>
1.16129207611,0.521250009537,<var@7f71ab1173d0>
1.18258738518,0.521749973297,<var@7f71ab1172d0>
1.13332521915,0.548999965191,<var@7f71ab117150>
1.16035664082,0.521749973297,<var@7f71ab117250>
1.17325365543,0.525250077248,<var@7f71ab117790>
1.19802248478,0.510499894619,<var@7f71ab1176d0>
1.1156680584,0.545500099659,<var@7f71ab117610>
1.15931785107,0.532000184059,<var@7f71ab117950>
1.14229381084,0.545250117779,<var@7f71ab1176d0>
1.12507486343,0.550499916077,<var@7f71ab117650>
1.18841183186,0.522250115871,<var@7f71ab117950>
1.1397446394,0.535999953747,<var@7f71ab117b50>
1.13862621784,0.522499978542,<var@7f71ab117650>
1.18203556538,0.522749841213,<var@7f71ab1177d0>
1.13298594952,0.548249959946,<var@7f71ab117b50>
1.13054680824,0.533000171185,<var@7f71ab117710>
1.18937492371,0.514499902725,<var@7f71ab1177d0>
1.20243406296,0.520499825478,<var@7f71ab117d90>
1.11628496647,0.54724997282,<var@7f71ab117710>
1.13294970989,0.537499845028,<var@7f71ab117a10>
1.14431786537,0.538500010967,<var@7f71ab0973d0>
1.11936032772,0.536749899387,<var@7f71ab097c50>
1.1717158556,0.53149998188,<var@7f71ab097790>
1.19531726837,0.512750148773,<var@7f71ab0979d0>
1.19819748402,0.519749879837,<var@7f71ab0975d0>
1.17489540577,0.520499825478,<var@7f71ab097bd0>
1.10681200027,0.551250040531,<var@7f71ab0973d0>
1.13623666763,0.536749899387,<var@7f71ab0972d0>
1.16153514385,0.52874994278,<var@7f71ab097150>
1.14124536514,0.527249932289,<var@7f71ab097250>
1.11902976036,0.550499916077,<var@7f71ab097790>
1.14177429676,0.538000166416,<var@7f71ab0976d0>
1.17474138737,0.536750078201,<var@7f71ab097610>
1.16879940033,0.529000043869,<var@7f71ab097950>
1.12682628632,0.538500130177,<var@7f71ab0976d0>
1.14447557926,0.532749891281,<var@7f71ab097650>
1.19830095768,0.510749995708,<var@7f71ab097950>
1.17481827736,0.518499970436,<var@7f71ab097b50>
1.17340147495,0.512000143528,<var@7f71ab097650>
1.20286333561,0.516000032425,<var@7f71ab0977d0>
1.14237558842,0.531249821186,<var@7f71ab097b50>
1.15423834324,0.5177500844,<var@7f71ab097710>
1.09186923504,0.550999999046,<var@7f71ab0977d0>
1.11085927486,0.551749944687,<var@7f71ab097d90>
1.14600527287,0.535500049591,<var@7f71ab097710>
1.14736378193,0.525500237942,<var@7f71ab2573d0>
1.16512000561,0.528500139713,<var@7f71ab257c50>
1.15022456646,0.533250033855,<var@7f71ab257790>
1.15908610821,0.536999940872,<var@7f71ab2579d0>
1.14936256409,0.542999982834,<var@7f71ab2575d0>
1.16775870323,0.53174996376,<var@7f71ab257bd0>
1.1755656004,0.522250056267,<var@7f71ab2573d0>
1.15434038639,0.52874994278,<var@7f71ab2572d0>
1.12109696865,0.540499925613,<var@7f71ab257150>
1.14530932903,0.528749883175,<var@7f71ab257250>
1.14348614216,0.529000103474,<var@7f71ab257790>
1.17658996582,0.529499769211,<var@7f71ab2576d0>
1.1806538105,0.526750087738,<var@7f71ab257610>
1.12643194199,0.533999979496,<var@7f71ab257950>
1.14091467857,0.535000026226,<var@7f71ab2576d0>
1.13869023323,0.523249983788,<var@7f71ab257650>
1.13489806652,0.529749929905,<var@7f71ab257950>
1.1319745779,0.540750026703,<var@7f71ab257b50>
1.14768087864,0.534500062466,<var@7f71ab257650>
1.1482925415,0.531000077724,<var@7f71ab2577d0>
1.13371622562,0.535499870777,<var@7f71ab257b50>
1.16594922543,0.529250025749,<var@7f71ab257710>
1.13543665409,0.526499927044,<var@7f71ab2577d0>
1.11097490788,0.548999965191,<var@7f71ab257d90>
1.12323188782,0.540000259876,<var@7f71ab257710>
1.18375051022,0.51524990797,<var@7f71ab257a10>
1.13763928413,0.541000008583,<var@7f71ab0d73d0>
1.14170277119,0.544250190258,<var@7f71ab0d7c50>
1.18223834038,0.511749982834,<var@7f71ab0d7790>
1.07169485092,0.558749973774,<var@7f71ab0d79d0>
1.17728459835,0.520000100136,<var@7f71ab0d75d0>
1.13959097862,0.534500181675,<var@7f71ab0d7bd0>
1.15349078178,0.534499883652,<var@7f71ab0d73d0>
1.12186777592,0.534500062466,<var@7f71ab0d72d0>
1.12677264214,0.53225004673,<var@7f71ab0d7150>
1.1022516489,0.537500023842,<var@7f71ab0d7250>
1.16450977325,0.541500031948,<var@7f71ab0d7790>
1.14989161491,0.525500178337,<var@7f71ab0d76d0>
1.15471410751,0.536750078201,<var@7f71ab0d7610>
1.15999913216,0.521750211716,<var@7f71ab0d7950>
1.16367304325,0.524249970913,<var@7f71ab0d76d0>
1.14914143085,0.522499978542,<var@7f71ab0d7650>
1.15893304348,0.535499930382,<var@7f71ab0d7950>
1.17154419422,0.523500084877,<var@7f71ab0d7b50>
1.13799893856,0.535500109196,<var@7f71ab0d7650>
1.15778303146,0.51875013113,<var@7f71ab0d77d0>
1.11930131912,0.537999868393,<var@7f71ab0d7b50>
1.14048016071,0.526250123978,<var@7f71ab0d7710>
1.12379825115,0.548000097275,<var@7f71ab0d77d0>
1.11479234695,0.54650002718,<var@7f71ab0d7d90>
1.13018143177,0.547499895096,<var@7f71ab0d7710>
1.15016758442,0.532250165939,<var@7f71aafe13d0>
1.14395534992,0.535000085831,<var@7f71aafe1c50>
1.12269687653,0.542749881744,<var@7f71aafe1790>
1.16113400459,0.523000180721,<var@7f71aafe19d0>
1.14536798,0.537000000477,<var@7f71aafe15d0>
1.16293764114,0.516750156879,<var@7f71aafe1bd0>
1.15384364128,0.532000005245,<var@7f71aafe13d0>
1.12820696831,0.5269998312,<var@7f71aafe12d0>
1.14652478695,0.5462500453,<var@7f71aafe1150>
1.13913440704,0.537749946117,<var@7f71aafe1250>
1.10628116131,0.550750255585,<var@7f71aafe1790>
1.18029999733,0.528000056744,<var@7f71aafe16d0>
1.11942815781,0.530999958515,<var@7f71aafe1610>
1.13731276989,0.528249979019,<var@7f71aafe1950>
1.16293311119,0.525749981403,<var@7f71aafe16d0>
1.16425061226,0.533250153065,<var@7f71aafe1650>
1.1212092638,0.550250172615,<var@7f71aafe1950>
1.13621556759,0.530000030994,<var@7f71aafe1b50>
1.12295031548,0.537749886513,<var@7f71aafe1650>
1.14926421642,0.532500088215,<var@7f71aafe17d0>
1.14388763905,0.53049993515,<var@7f71aafe1b50>
1.14698338509,0.531249880791,<var@7f71aafe1710>
1.12957334518,0.542999923229,<var@7f71aafe17d0>
1.14526462555,0.540750086308,<var@7f71aafe1d90>
1.12786448002,0.556249856949,<var@7f71aafe1710>
1.14342474937,0.525500059128,<var@7f71aafe1a10>
1.12203800678,0.537750124931,<var@7f71ab1c83d0>
1.09576523304,0.553750038147,<var@7f71ab1c8c50>
1.15527892113,0.534750103951,<var@7f71ab1c8790>
1.12805759907,0.533249855042,<var@7f71ab1c89d0>
1.11558759212,0.534749925137,<var@7f71ab1c85d0>
1.1381688118,0.533749997616,<var@7f71ab1c8bd0>
1.07872092724,0.555250167847,<var@7f71ab1c83d0>
1.10226154327,0.551500022411,<var@7f71ab1c82d0>
1.14595532417,0.542500019073,<var@7f71ab1c8150>
1.1142001152,0.541249811649,<var@7f71ab1c8250>
1.09285604954,0.551249980927,<var@7f71ab1c8790>
1.14067399502,0.539999902248,<var@7f71ab1c86d0>
1.13341736794,0.548750042915,<var@7f71ab1c8610>
1.14495182037,0.522250115871,<var@7f71ab1c8950>
1.12374734879,0.52999997139,<var@7f71ab1c86d0>
1.11114430428,0.541000187397,<var@7f71ab1c8650>
1.11474823952,0.546499848366,<var@7f71ab1c8950>
1.14505910873,0.53725028038,<var@7f71ab1c8b50>
1.14637684822,0.534500062466,<var@7f71ab1c8650>
1.1161544323,0.537750065327,<var@7f71ab1c87d0>
1.1677737236,0.517750144005,<var@7f71ab1c8b50>
1.11177515984,0.541999876499,<var@7f71ab1c8710>
1.1104285717,0.545500159264,<var@7f71ab1c87d0>
1.14402806759,0.535749912262,<var@7f71ab1c8d90>
1.1465600729,0.543000161648,<var@7f71ab1c8710>
1.10407316685,0.549000024796,<var@7f71ab1973d0>
1.13579380512,0.534249961376,<var@7f71ab197c50>
1.12482357025,0.545749902725,<var@7f71ab197790>
1.12169575691,0.529750049114,<var@7f71ab1979d0>
1.11627399921,0.541249990463,<var@7f71ab1975d0>
1.12190508842,0.529249966145,<var@7f71ab197bd0>
1.11442124844,0.534999907017,<var@7f71ab1973d0>
1.14232647419,0.533499956131,<var@7f71ab1972d0>
1.15049898624,0.541499912739,<var@7f71ab197150>
1.10139107704,0.549000024796,<var@7f71ab197250>
1.15458452702,0.530999839306,<var@7f71ab197790>
1.11253237724,0.547250032425,<var@7f71ab1976d0>
1.11023962498,0.540500044823,<var@7f71ab197610>
1.10404908657,0.555249989033,<var@7f71ab197950>
1.10901641846,0.551249861717,<var@7f71ab1976d0>
1.13992357254,0.536750018597,<var@7f71ab197650>
1.1229660511,0.538500010967,<var@7f71ab197950>
1.09920561314,0.545499920845,<var@7f71ab197b50>
1.08950793743,0.550500154495,<var@7f71ab197650>
1.12645053864,0.544499993324,<var@7f71ab1977d0>
1.12195432186,0.532749891281,<var@7f71ab197b50>
1.07654774189,0.546999871731,<var@7f71ab197710>
1.10354089737,0.539000034332,<var@7f71ab1977d0>
1.08257377148,0.546749949455,<var@7f71ab197d90>
1.1639714241,0.537499964237,<var@7f71ab197710>
1.1200889349,0.541250169277,<var@7f71ab197a10>
1.14211368561,0.534999907017,<var@7f71ab1173d0>
1.14279949665,0.535499811172,<var@7f71ab117c50>
1.11844027042,0.542999923229,<var@7f71ab117790>
1.07183337212,0.556500017643,<var@7f71ab1179d0>
1.12848615646,0.538749992847,<var@7f71ab1175d0>
1.11523890495,0.550499916077,<var@7f71ab117bd0>
1.15639019012,0.535499930382,<var@7f71ab1173d0>
1.14392924309,0.532000005245,<var@7f71ab1172d0>
1.11378979683,0.538000047207,<var@7f71ab117150>
1.11904108524,0.551500022411,<var@7f71ab117250>
1.12151002884,0.534250020981,<var@7f71ab117790>
1.11839663982,0.541000008583,<var@7f71ab1176d0>
1.12994337082,0.539249897003,<var@7f71ab117610>
1.16726410389,0.519999921322,<var@7f71ab117950>
1.12332081795,0.534249782562,<var@7f71ab1176d0>
1.10994279385,0.550500035286,<var@7f71ab117650>
1.12576603889,0.543000042439,<var@7f71ab117950>
1.0816642046,0.560250103474,<var@7f71ab117b50>
1.13102412224,0.537999927998,<var@7f71ab117650>
1.09710371494,0.546749889851,<var@7f71ab1177d0>
1.07219851017,0.549250125885,<var@7f71ab117b50>
1.11446273327,0.544500112534,<var@7f71ab117710>
1.10379445553,0.546000003815,<var@7f71ab1177d0>
1.09012961388,0.541750252247,<var@7f71ab117d90>
1.12142384052,0.538499891758,<var@7f71ab117710>
1.14411187172,0.538250029087,<var@7f71ab0573d0>
1.11349475384,0.547749817371,<var@7f71ab057c50>
1.11755132675,0.526499927044,<var@7f71ab057790>
1.11028754711,0.54725009203,<var@7f71ab0579d0>
1.09573280811,0.546999931335,<var@7f71ab0575d0>
1.10063660145,0.538999855518,<var@7f71ab057bd0>
1.0942196846,0.534249901772,<var@7f71ab0573d0>
1.09880757332,0.543250024319,<var@7f71ab0572d0>
1.07335591316,0.55924987793,<var@7f71ab057150>
1.09717524052,0.549250006676,<var@7f71ab057250>
1.10506820679,0.55025011301,<var@7f71ab057790>
1.11102497578,0.550750136375,<var@7f71ab0576d0>
1.14351582527,0.537000119686,<var@7f71ab057610>
1.13032984734,0.538249909878,<var@7f71ab057950>
1.08373320103,0.56300008297,<var@7f71ab0576d0>
1.13138890266,0.530750095844,<var@7f71ab057650>
1.08862757683,0.541249752045,<var@7f71ab057950>
1.07384073734,0.563250184059,<var@7f71ab057b50>
1.12137639523,0.5462500453,<var@7f71ab057650>
1.13788688183,0.542500019073,<var@7f71ab0577d0>
1.08894264698,0.552750110626,<var@7f71ab057b50>
1.11648845673,0.544249892235,<var@7f71ab057710>
1.10229861736,0.548750162125,<var@7f71ab0577d0>
1.11883890629,0.551250100136,<var@7f71ab057d90>
1.12238538265,0.541750013828,<var@7f71ab057710>
1.07955789566,0.55974984169,<var@7f71ab057a10>
1.0972982645,0.545750021935,<var@7f71ab2973d0>
1.1269646883,0.528499960899,<var@7f71ab297c50>
1.09717071056,0.541500091553,<var@7f71ab297790>
1.11878919601,0.532999932766,<var@7f71ab2979d0>
1.09287023544,0.540500044823,<var@7f71ab2975d0>
1.09898984432,0.554750084877,<var@7f71ab297bd0>
1.11892080307,0.538500070572,<var@7f71ab2973d0>
1.16268002987,0.520249962807,<var@7f71ab2972d0>
1.10546886921,0.546749889851,<var@7f71ab297150>
1.12541627884,0.534499883652,<var@7f71ab297250>
1.08235418797,0.550499916077,<var@7f71ab297790>
1.10895848274,0.542749941349,<var@7f71ab2976d0>
1.09674620628,0.538749992847,<var@7f71ab297610>
1.16611552238,0.519500017166,<var@7f71ab297950>
1.12387442589,0.533250033855,<var@7f71ab2976d0>
1.10839617252,0.54800003767,<var@7f71ab297650>
1.07425785065,0.56299996376,<var@7f71ab297950>
1.08336603642,0.54574996233,<var@7f71ab297b50>
1.08238947392,0.551999866962,<var@7f71ab297650>
1.10918855667,0.540500164032,<var@7f71ab2977d0>
1.1387181282,0.529250144958,<var@7f71ab297b50>
1.11430287361,0.541499912739,<var@7f71ab297710>
1.1049708128,0.546500086784,<var@7f71ab2977d0>
1.109202981,0.533999979496,<var@7f71ab297d90>
1.10083186626,0.545499920845,<var@7f71ab297710>
1.04999554157,0.568999886513,<var@7f71ab0b73d0>
1.09331798553,0.53450012207,<var@7f71ab0b7c50>
1.08120191097,0.551499962807,<var@7f71ab0b7790>
1.06715321541,0.552250027657,<var@7f71ab0b79d0>
1.08694863319,0.548749744892,<var@7f71ab0b75d0>
1.12147510052,0.543250024319,<var@7f71ab0b7bd0>
1.08246302605,0.552999913692,<var@7f71ab0b73d0>
1.10727190971,0.54650002718,<var@7f71ab0b72d0>
1.07706904411,0.560750067234,<var@7f71ab0b7150>
1.0999557972,0.549249887466,<var@7f71ab0b7250>
1.10901415348,0.54675000906,<var@7f71ab0b7790>
1.06870222092,0.547249853611,<var@7f71ab0b76d0>
1.09187436104,0.571000039577,<var@7f71ab0b7610>
1.08105611801,0.555500149727,<var@7f71ab0b7950>
1.09874141216,0.535999894142,<var@7f71ab0b76d0>
1.11783504486,0.536499917507,<var@7f71ab0b7650>
1.127404809,0.531999945641,<var@7f71ab0b7950>
1.08018553257,0.553250014782,<var@7f71ab0b7b50>
1.1003139019,0.546000003815,<var@7f71ab0b7650>
1.09000337124,0.549749910831,<var@7f71ab0b77d0>
1.09894061089,0.552999973297,<var@7f71ab0b7b50>
1.11918663979,0.538249790668,<var@7f71ab0b7710>
1.11296570301,0.538249969482,<var@7f71ab0b77d0>
1.1137996912,0.539249777794,<var@7f71ab0b7d90>
1.08671855927,0.546249806881,<var@7f71ab0b7710>
1.11651349068,0.548000335693,<var@7f71ab0b7a10>
1.11385905743,0.542750179768,<var@7f71ab0d73d0>
1.07713735104,0.551999986172,<var@7f71ab0d7c50>
1.11058557034,0.541500151157,<var@7f71ab0d7790>
1.10961580276,0.539249897003,<var@7f71ab0d79d0>
1.08524525166,0.541499912739,<var@7f71ab0d75d0>
1.10848891735,0.547500193119,<var@7f71ab0d7bd0>
1.1227606535,0.537499964237,<var@7f71ab0d73d0>
1.10000634193,0.542750000954,<var@7f71ab0d72d0>
1.08544754982,0.552250146866,<var@7f71ab0d7150>
1.13328647614,0.542250037193,<var@7f71ab0d7250>
1.09188997746,0.549000144005,<var@7f71ab0d7790>
1.07983875275,0.557250082493,<var@7f71ab0d76d0>
1.12946510315,0.539499998093,<var@7f71ab0d7610>
1.0821813345,0.559749960899,<var@7f71ab0d7950>
1.10085010529,0.545750021935,<var@7f71ab0d76d0>
1.11204874516,0.534999907017,<var@7f71ab0d7650>
1.11061549187,0.540000021458,<var@7f71ab0d7950>
1.07290112972,0.538249909878,<var@7f71ab0d7b50>
1.12548291683,0.539249897003,<var@7f71ab0d7650>
1.07488834858,0.549249887466,<var@7f71ab0d77d0>
1.07463109493,0.546000123024,<var@7f71ab0d7b50>
1.11288309097,0.538250148296,<var@7f71ab0d7710>
1.10994911194,0.536749958992,<var@7f71ab0d77d0>
1.09207081795,0.552250027657,<var@7f71ab0d7d90>
1.13892281055,0.536750018597,<var@7f71ab0d7710>
1.08673202991,0.548500001431,<var@7f71ab0173d0>
1.09461271763,0.533500015736,<var@7f71ab017c50>
1.09944760799,0.53350007534,<var@7f71ab017790>
1.10127544403,0.54374986887,<var@7f71ab0179d0>
1.10891890526,0.54349988699,<var@7f71ab0175d0>
1.12494182587,0.541500151157,<var@7f71ab017bd0>
1.06890594959,0.555249929428,<var@7f71ab0173d0>
1.09893226624,0.547749817371,<var@7f71ab0172d0>
1.12206697464,0.530249834061,<var@7f71ab017150>
1.08666431904,0.547999918461,<var@7f71ab017250>
1.09286022186,0.543999969959,<var@7f71ab017790>
1.06237149239,0.558499932289,<var@7f71ab0176d0>
1.08147490025,0.548749804497,<var@7f71ab017610>
1.07184326649,0.549750089645,<var@7f71ab017950>
1.10250711441,0.530500233173,<var@7f71ab0176d0>
1.05245816708,0.562499940395,<var@7f71ab017650>
1.11009681225,0.531250119209,<var@7f71ab017950>
1.0817732811,0.538000166416,<var@7f71ab017b50>
1.12170004845,0.527750074863,<var@7f71ab017650>
1.07918214798,0.558749854565,<var@7f71ab0177d0>
1.08535909653,0.549750089645,<var@7f71ab017b50>
1.10728251934,0.549250006676,<var@7f71ab017710>
1.07414805889,0.551750063896,<var@7f71ab0177d0>
1.10499155521,0.552500128746,<var@7f71ab017d90>
1.0884565115,0.54875010252,<var@7f71ab017710>
1.09288239479,0.548749983311,<var@7f71ab017a10>
1.05404746532,0.566999852657,<var@7f712654d3d0>
1.096829772,0.548499941826,<var@7f712654dc50>
1.11394619942,0.532750070095,<var@7f712654d790>
1.10552978516,0.543750047684,<var@7f712654d9d0>
1.03466129303,0.558249950409,<var@7f712654d5d0>
1.09845626354,0.546999931335,<var@7f712654dbd0>
1.11235487461,0.546750187874,<var@7f712654d3d0>
1.06323719025,0.563499808311,<var@7f712654d2d0>
1.1027456522,0.550499975681,<var@7f712654d150>
1.04995954037,0.558499932289,<var@7f712654d250>
1.07660114765,0.556249856949,<var@7f712654d790>
1.13769733906,0.540250003338,<var@7f712654d6d0>
1.13910269737,0.548749923706,<var@7f712654d610>
1.11211919785,0.544749975204,<var@7f712654d950>
1.10269474983,0.552499890327,<var@7f712654d6d0>
1.0863904953,0.56200003624,<var@7f712654d650>
1.09629428387,0.549250006676,<var@7f712654d950>
1.04898059368,0.559750080109,<var@7f712654db50>
1.06263387203,0.565749883652,<var@7f712654d650>
1.06678831577,0.554749846458,<var@7f712654d7d0>
1.09322428703,0.549750089645,<var@7f712654db50>
1.0970826149,0.546250104904,<var@7f712654d710>
1.09241092205,0.551999986172,<var@7f712654d7d0>
1.0793030262,0.553499996662,<var@7f712654dd90>
1.10949850082,0.539249897003,<var@7f712654d710>
1.06752872467,0.545000135899,<var@7f71263c23d0>
1.07195556164,0.552499890327,<var@7f71263c2c50>
1.11145222187,0.533999979496,<var@7f71263c2790>
1.06329405308,0.551000118256,<var@7f71263c29d0>
1.08707392216,0.542999744415,<var@7f71263c25d0>
1.06764936447,0.564499855042,<var@7f71263c2bd0>
1.0569139719,0.554999947548,<var@7f71263c23d0>
1.07751071453,0.551499962807,<var@7f71263c22d0>
1.11499452591,0.541750133038,<var@7f71263c2150>
1.1102129221,0.537999927998,<var@7f71263c2250>
1.12178909779,0.536749899387,<var@7f71263c2790>
1.10011136532,0.536750018597,<var@7f71263c26d0>
1.15027582645,0.517750144005,<var@7f71263c2610>
1.08761167526,0.549499869347,<var@7f71263c2950>
1.1148198843,0.53175008297,<var@7f71263c26d0>
1.12160563469,0.541749894619,<var@7f71263c2650>
1.06329417229,0.558499932289,<var@7f71263c2950>
1.05923044682,0.557249963284,<var@7f71263c2b50>
1.07210612297,0.557499945164,<var@7f71263c2650>
1.09559297562,0.54950016737,<var@7f71263c27d0>
1.07654666901,0.553749918938,<var@7f71263c2b50>
1.10234737396,0.549999952316,<var@7f71263c2710>
1.09998393059,0.545250117779,<var@7f71263c27d0>
1.07724559307,0.553000092506,<var@7f71263c2d90>
1.07036828995,0.556500256062,<var@7f71263c2710>
1.09701383114,0.55025011301,<var@7f71263c2a10>
1.08897817135,0.546750068665,<var@7f71ab1d73d0>
1.07910358906,0.535999953747,<var@7f71ab1d7c50>
1.0337677002,0.570499956608,<var@7f71ab1d7790>
1.04801917076,0.554500102997,<var@7f71ab1d79d0>
1.06068086624,0.550749838352,<var@7f71ab1d75d0>
1.08965611458,0.540000140667,<var@7f71ab1d7bd0>
1.07945513725,0.540000140667,<var@7f71ab1d73d0>
1.04872572422,0.562499940395,<var@7f71ab1d72d0>
1.08317363262,0.544999837875,<var@7f71ab1d7150>
1.0579791069,0.555249810219,<var@7f71ab1d7250>
1.09676814079,0.547000169754,<var@7f71ab1d7790>
1.08579874039,0.546999931335,<var@7f71ab1d76d0>
1.07900750637,0.552000045776,<var@7f71ab1d7610>
1.07153713703,0.551000058651,<var@7f71ab1d7950>
1.09482347965,0.537999808788,<var@7f71ab1d76d0>
1.09349095821,0.566999912262,<var@7f71ab1d7650>
1.09101235867,0.54349988699,<var@7f71ab1d7950>
1.11591076851,0.538999915123,<var@7f71ab1d7b50>
1.04134583473,0.563250303268,<var@7f71ab1d7650>
1.1019756794,0.545250058174,<var@7f71ab1d77d0>
1.05401778221,0.5582498312,<var@7f71ab1d7b50>
1.07360875607,0.54675000906,<var@7f71ab1d7710>
1.10520803928,0.544500112534,<var@7f71ab1d77d0>
1.04985594749,0.544749975204,<var@7f71ab1d7d90>
1.07822680473,0.555000126362,<var@7f71ab1d7710>
1.0935665369,0.550249874592,<var@7f71ab1973d0>
1.06350076199,0.547000050545,<var@7f71ab197c50>
1.05178964138,0.563499867916,<var@7f71ab197790>
1.07564592361,0.557500123978,<var@7f71ab1979d0>
1.10363268852,0.535000085831,<var@7f71ab1975d0>
1.0665230751,0.553999781609,<var@7f71ab197bd0>
1.11498057842,0.537500143051,<var@7f71ab1973d0>
1.062520504,0.560000002384,<var@7f71ab1972d0>
1.08850228786,0.548499882221,<var@7f71ab197150>
1.05235528946,0.546499788761,<var@7f71ab197250>
1.06114351749,0.550999939442,<var@7f71ab197790>
1.09234273434,0.556999981403,<var@7f71ab1976d0>
1.06971299648,0.552249908447,<var@7f71ab197610>
1.07391154766,0.545500040054,<var@7f71ab197950>
1.06600666046,0.549500048161,<var@7f71ab1976d0>
1.1083997488,0.535999894142,<var@7f71ab197650>
1.05255711079,0.577999949455,<var@7f71ab197950>
1.0844887495,0.553499817848,<var@7f71ab197b50>
1.06244218349,0.554750204086,<var@7f71ab197650>
1.07683837414,0.54850012064,<var@7f71ab1977d0>
1.07332348824,0.543750107288,<var@7f71ab197b50>
1.04332101345,0.556249916553,<var@7f71ab197710>
1.08507430553,0.542750060558,<var@7f71ab1977d0>
1.09208071232,0.546499967575,<var@7f71ab197d90>
1.05930364132,0.555249810219,<var@7f71ab197710>
1.08482432365,0.553749978542,<var@7f71ab197a10>
1.08663141727,0.54349988699,<var@7f71ab2173d0>
1.04058074951,0.562249958515,<var@7f71ab217c50>
1.03987276554,0.558750092983,<var@7f71ab217790>
1.0504462719,0.554499924183,<var@7f71ab2179d0>
1.07923412323,0.554000079632,<var@7f71ab2175d0>
1.11663413048,0.544000089169,<var@7f71ab217bd0>
1.0580997467,0.556499958038,<var@7f71ab2173d0>
1.06918489933,0.557499825954,<var@7f71ab2172d0>
1.06168270111,0.562249958515,<var@7f71ab217150>
1.07409751415,0.544249892235,<var@7f71ab217250>
1.10003697872,0.538999915123,<var@7f71ab217790>
1.05433702469,0.554749965668,<var@7f71ab2176d0>
1.09964191914,0.549999952316,<var@7f71ab217610>
1.03737390041,0.575250029564,<var@7f71ab217950>
1.12010121346,0.530500054359,<var@7f71ab2176d0>
1.0808583498,0.549500048161,<var@7f71ab217650>
1.05127608776,0.559499979019,<var@7f71ab217950>
1.08082914352,0.554499864578,<var@7f71ab217b50>
1.08492481709,0.552749991417,<var@7f71ab217650>
1.03604602814,0.564500033855,<var@7f71ab2177d0>
1.07153475285,0.552000105381,<var@7f71ab217b50>
1.10433137417,0.547000050545,<var@7f71ab217710>
1.10428464413,0.553749918938,<var@7f71ab2177d0>
1.04627978802,0.557750225067,<var@7f71ab217d90>
1.06201148033,0.545750021935,<var@7f71ab217710>
1.04241073132,0.562250196934,<var@7f71ab0313d0>
1.08468866348,0.546000003815,<var@7f71ab031c50>
1.05704438686,0.567750036716,<var@7f71ab031790>
1.0943210125,0.550499916077,<var@7f71ab0319d0>
1.09160387516,0.556250095367,<var@7f71ab0315d0>
1.06503486633,0.556250095367,<var@7f71ab031bd0>
1.05495905876,0.554249882698,<var@7f71ab0313d0>
1.05877363682,0.556499779224,<var@7f71ab0312d0>
1.05964541435,0.56425011158,<var@7f71ab031150>
1.0505168438,0.57374984026,<var@7f71ab031250>
1.09336698055,0.537750124931,<var@7f71ab031790>
1.05125498772,0.573249995708,<var@7f71ab0316d0>
1.09616100788,0.536000192165,<var@7f71ab031610>
1.07360005379,0.540499925613,<var@7f71ab031950>
1.08723020554,0.544250130653,<var@7f71ab0316d0>
1.09912741184,0.541500151157,<var@7f71ab031650>
1.04859912395,0.555000126362,<var@7f71ab031950>
1.06480801105,0.557749986649,<var@7f71ab031b50>
1.0814396143,0.556249916553,<var@7f71ab031650>
1.06639969349,0.558999836445,<var@7f71ab0317d0>
1.09699058533,0.55250030756,<var@7f71ab031b50>
1.05029976368,0.555499792099,<var@7f71ab031710>
1.08169221878,0.556249976158,<var@7f71ab0317d0>
1.04506993294,0.570000171661,<var@7f71ab031d90>
1.07152736187,0.549000024796,<var@7f71ab031710>
1.06637763977,0.562999904156,<var@7f71ab031a10>
1.08089160919,0.552750229836,<var@7f71ab1173d0>
1.10107028484,0.558250010014,<var@7f71ab117c50>
1.07159018517,0.557500004768,<var@7f71ab117790>
1.07374048233,0.548999965191,<var@7f71ab1179d0>
1.05039393902,0.549499928951,<var@7f71ab1175d0>
1.08034956455,0.55175024271,<var@7f71ab117bd0>
1.03891599178,0.553250133991,<var@7f71ab1173d0>
1.07596278191,0.541499972343,<var@7f71ab1172d0>
1.07309520245,0.546000063419,<var@7f71ab117150>
1.08033001423,0.541499912739,<var@7f71ab117250>
1.09765720367,0.541749894619,<var@7f71ab117790>
1.06026995182,0.553249835968,<var@7f71ab1176d0>
1.07586801052,0.560250163078,<var@7f71ab117610>
1.05506300926,0.550249993801,<var@7f71ab117950>
1.03687095642,0.560750007629,<var@7f71ab1176d0>
1.05456161499,0.562000095844,<var@7f71ab117650>
1.07452130318,0.551499962807,<var@7f71ab117950>
1.05403780937,0.56500017643,<var@7f71ab117b50>
1.08760356903,0.543250024319,<var@7f71ab117650>
1.074021101,0.545999884605,<var@7f71ab1177d0>
1.04707157612,0.550249874592,<var@7f71ab117b50>
1.07004368305,0.549499928951,<var@7f71ab117710>
1.0801782608,0.556750059128,<var@7f71ab1177d0>
1.05953192711,0.555249989033,<var@7f71ab117d90>
1.04465687275,0.556500017643,<var@7f71ab117710>
1.08836889267,0.554500043392,<var@7f71ab0973d0>
1.06204676628,0.557500123978,<var@7f71ab097c50>
1.08267009258,0.54449993372,<var@7f71ab097790>
1.07589960098,0.547500014305,<var@7f71ab0979d0>
1.05514621735,0.556249856949,<var@7f71ab0975d0>
1.08698415756,0.563000202179,<var@7f71ab097bd0>
1.09509158134,0.548999905586,<var@7f71ab0973d0>
1.03260159492,0.560249984264,<var@7f71ab0972d0>
1.05318498611,0.558499872684,<var@7f71ab097150>
1.11456203461,0.5355001688,<var@7f71ab097250>
1.13695991039,0.534749865532,<var@7f71ab097790>
1.08805370331,0.550249993801,<var@7f71ab0976d0>
1.05974566936,0.558500051498,<var@7f71ab097610>
1.07732546329,0.564000070095,<var@7f71ab097950>
1.06156384945,0.560749948025,<var@7f71ab0976d0>
1.02500355244,0.572750031948,<var@7f71ab097650>
1.07482409477,0.550999999046,<var@7f71ab097950>
1.08012914658,0.538249731064,<var@7f71ab097b50>
1.04385256767,0.571249961853,<var@7f71ab097650>
1.07171678543,0.554000079632,<var@7f71ab0977d0>
1.03714191914,0.571500182152,<var@7f71ab097b50>
1.04217433929,0.569499909878,<var@7f71ab097710>
1.06671762466,0.555249989033,<var@7f71ab0977d0>
1.02364528179,0.573750078678,<var@7f71ab097d90>
1.04796552658,0.56124997139,<var@7f71ab097710>
1.06981527805,0.542500019073,<var@7f71ab097a10>
1.07100272179,0.558749854565,<var@7f71ab1573d0>
1.08125925064,0.550000011921,<var@7f71ab157c50>
1.01717042923,0.569249868393,<var@7f71ab157790>
1.09797549248,0.555500030518,<var@7f71ab1579d0>
1.08835089207,0.544250071049,<var@7f71ab1575d0>
1.09035909176,0.564500212669,<var@7f71ab157bd0>
1.07225680351,0.551000118256,<var@7f71ab1573d0>
1.07880306244,0.553250193596,<var@7f71ab1572d0>
1.06154763699,0.554749846458,<var@7f71ab157150>
1.06654834747,0.562250077724,<var@7f71ab157250>
1.07740783691,0.551999986172,<var@7f71ab157790>
1.06899487972,0.546000123024,<var@7f71ab1576d0>
1.05478191376,0.562749862671,<var@7f71ab157610>
1.06394231319,0.558750033379,<var@7f71ab157950>
1.07902157307,0.561500072479,<var@7f71ab1576d0>
1.09018993378,0.555499970913,<var@7f71ab157650>
1.07011282444,0.559499979019,<var@7f71ab157950>
1.03172039986,0.561000049114,<var@7f71ab157b50>
1.0774217844,0.562750041485,<var@7f71ab157650>
1.05695199966,0.557250082493,<var@7f71ab1577d0>
1.02973568439,0.558750033379,<var@7f71ab157b50>
1.10715067387,0.554000079632,<var@7f71ab157710>
1.04516017437,0.557249903679,<var@7f71ab1577d0>
1.04922246933,0.555000126362,<var@7f71ab157d90>
1.07462847233,0.546250164509,<var@7f71ab157710>
1.03887236118,0.555249989033,<var@7f71ab0573d0>
1.05892157555,0.553750216961,<var@7f71ab057c50>
1.11718142033,0.545499801636,<var@7f71ab057790>
1.05189847946,0.563249886036,<var@7f71ab0579d0>
1.0632121563,0.566999971867,<var@7f71ab0575d0>
1.04848980904,0.563000142574,<var@7f71ab057bd0>
1.05098259449,0.558999955654,<var@7f71ab0573d0>
1.04118192196,0.566249907017,<var@7f71ab0572d0>
1.08053636551,0.552999854088,<var@7f71ab057150>
1.05816507339,0.552999913692,<var@7f71ab057250>
1.06499457359,0.551750063896,<var@7f71ab057790>
1.05556309223,0.566250026226,<var@7f71ab0576d0>
1.04512608051,0.573749780655,<var@7f71ab057610>
1.0657184124,0.561250090599,<var@7f71ab057950>
1.0915466547,0.548999845982,<var@7f71ab0576d0>
1.04704761505,0.575749874115,<var@7f71ab057650>
1.00126838684,0.579749822617,<var@7f71ab057950>
1.04143369198,0.554250180721,<var@7f71ab057b50>
1.02893233299,0.569750010967,<var@7f71ab057650>
1.09080898762,0.543999910355,<var@7f71ab0577d0>
1.03386938572,0.553000152111,<var@7f71ab057b50>
1.10176134109,0.540500104427,<var@7f71ab057710>
1.07798326015,0.540749907494,<var@7f71ab0577d0>
1.07164812088,0.540749788284,<var@7f71ab057d90>
1.07263565063,0.558750033379,<var@7f71ab057710>
1.06737697124,0.550999939442,<var@7f71ab057a10>
1.0757676363,0.544749975204,<var@7f71ab2573d0>
1.04110467434,0.553249835968,<var@7f71ab257c50>
1.10066258907,0.551749944687,<var@7f71ab257790>
1.06661295891,0.552500009537,<var@7f71ab2579d0>
1.05159127712,0.561000049114,<var@7f71ab2575d0>
1.01892518997,0.576499998569,<var@7f71ab257bd0>
1.06982219219,0.54549986124,<var@7f71ab2573d0>
1.03008902073,0.558750033379,<var@7f71ab2572d0>
1.08392822742,0.545000135899,<var@7f71ab257150>
1.08351933956,0.559250116348,<var@7f71ab257250>
1.0781930685,0.547250032425,<var@7f71ab257790>
1.04821145535,0.550499856472,<var@7f71ab2576d0>
1.01916325092,0.553999960423,<var@7f71ab257610>
1.01729619503,0.569499969482,<var@7f71ab257950>
1.04351532459,0.554499685764,<var@7f71ab2576d0>
1.01692724228,0.566249907017,<var@7f71ab257650>
1.06970703602,0.551749885082,<var@7f71ab257950>
1.08867931366,0.542250275612,<var@7f71ab257b50>
1.06976878643,0.556000053883,<var@7f71ab257650>
1.02046918869,0.553250014782,<var@7f71ab2577d0>
1.07372236252,0.555250108242,<var@7f71ab257b50>
1.03761970997,0.559749960899,<var@7f71ab257710>
1.0638730526,0.560000181198,<var@7f71ab2577d0>
1.02594542503,0.574250161648,<var@7f71ab257d90>
1.02607703209,0.567750036716,<var@7f71ab257710>
1.0707461834,0.544750034809,<var@7f71ab0853d0>
1.04198122025,0.56500005722,<var@7f71ab085c50>
1.02446401119,0.566250145435,<var@7f71ab085790>
1.05334770679,0.554000139236,<var@7f71ab0859d0>
1.0685325861,0.543250143528,<var@7f71ab0855d0>
1.09024381638,0.543999969959,<var@7f71ab085bd0>
1.0877635479,0.552000164986,<var@7f71ab0853d0>
1.0509313345,0.5582498312,<var@7f71ab0852d0>
1.03899121284,0.569000065327,<var@7f71ab085150>
1.03260409832,0.563250184059,<var@7f71ab085250>
1.09302484989,0.565499901772,<var@7f71ab085790>
1.07046580315,0.560000240803,<var@7f71ab0856d0>
1.05777215958,0.553999960423,<var@7f71ab085610>
1.06053876877,0.546249866486,<var@7f71ab085950>
1.04374730587,0.560499846935,<var@7f71ab0856d0>
1.03892338276,0.556499958038,<var@7f71ab085650>
1.03966510296,0.575250208378,<var@7f71ab085950>
1.00922632217,0.576000273228,<var@7f71ab085b50>
1.06626546383,0.560500085354,<var@7f71ab085650>
1.0683003664,0.548000097275,<var@7f71ab0857d0>
1.03908848763,0.56650018692,<var@7f71ab085b50>
1.06143176556,0.557749986649,<var@7f71ab085710>
1.06995332241,0.55075019598,<var@7f71ab0857d0>
1.02688705921,0.573250174522,<var@7f71ab085d90>
1.03844404221,0.56375002861,<var@7f71ab085710>
1.0759691,0.551249980927,<var@7f71ab085a10>
1.06526303291,0.55999994278,<var@7f71ab1213d0>
1.04353904724,0.553000211716,<var@7f71ab121c50>
1.00615155697,0.578000128269,<var@7f71ab121790>
0.986627519131,0.581250011921,<var@7f71ab1219d0>
1.03874707222,0.571749866009,<var@7f71ab1215d0>
1.0387583971,0.569499909878,<var@7f71ab121bd0>
1.04324054718,0.561249911785,<var@7f71ab1213d0>
1.02953720093,0.564000070095,<var@7f71ab1212d0>
1.0482519865,0.576750040054,<var@7f71ab121150>
1.03741002083,0.566999852657,<var@7f71ab121250>
1.02558422089,0.581749856472,<var@7f71ab121790>
1.04126644135,0.554749846458,<var@7f71ab1216d0>
1.07107722759,0.571250021458,<var@7f71ab121610>
1.07784771919,0.543250024319,<var@7f71ab121950>
1.07851719856,0.549999952316,<var@7f71ab1216d0>
1.04259550571,0.5609998703,<var@7f71ab121650>
1.08100152016,0.549249887466,<var@7f71ab121950>
1.05031752586,0.544000029564,<var@7f71ab121b50>
1.047742486,0.568500041962,<var@7f71ab121650>
1.06821596622,0.553999841213,<var@7f71ab1217d0>
1.01560652256,0.574000120163,<var@7f71ab121b50>
1.05659580231,0.550999999046,<var@7f71ab121710>
1.12039196491,0.527750074863,<var@7f71ab1217d0>
1.05438816547,0.5567497015,<var@7f71ab121d90>
1.03042590618,0.567499935627,<var@7f71ab121710>
1.0805336237,0.555999994278,<var@7f71ab1823d0>
1.065533638,0.551999986172,<var@7f71ab182c50>
1.00820207596,0.574999988079,<var@7f71ab182790>
1.06365442276,0.553249955177,<var@7f71ab1829d0>
1.05136609077,0.54724997282,<var@7f71ab1825d0>
1.0393269062,0.567000031471,<var@7f71ab182bd0>
1.07063412666,0.547749996185,<var@7f71ab1823d0>
1.03188478947,0.569000244141,<var@7f71ab1822d0>
1.04111325741,0.570249915123,<var@7f71ab182150>
1.02025556564,0.565499842167,<var@7f71ab182250>
1.05294072628,0.570500016212,<var@7f71ab182790>
1.07791268826,0.559000074863,<var@7f71ab1826d0>
1.07195591927,0.560750067234,<var@7f71ab182610>
1.05883097649,0.56475007534,<var@7f71ab182950>
1.04849171638,0.549500048161,<var@7f71ab1826d0>
1.03692090511,0.563999891281,<var@7f71ab182650>
1.0150270462,0.573499977589,<var@7f71ab182950>
1.04434645176,0.561750054359,<var@7f71ab182b50>
1.05466616154,0.559249818325,<var@7f71ab182650>
1.07086968422,0.544499993324,<var@7f71ab1827d0>
1.03578352928,0.553250074387,<var@7f71ab182b50>
1.02901029587,0.565999805927,<var@7f71ab182710>
1.05148768425,0.565999865532,<var@7f71ab1827d0>
1.0457379818,0.565500020981,<var@7f71ab182d90>
1.05899488926,0.54875010252,<var@7f71ab182710>
1.02278220654,0.574250042439,<var@7f71ab182a10>
1.05875051022,0.549250304699,<var@7f71ab0d73d0>
1.0862005949,0.542999923229,<var@7f71ab0d7c50>
1.04852962494,0.5667501688,<var@7f71ab0d7790>
1.02791655064,0.562500059605,<var@7f71ab0d79d0>
1.06512868404,0.564500033855,<var@7f71ab0d75d0>
1.05415761471,0.552749991417,<var@7f71ab0d7bd0>
1.06665074825,0.560999929905,<var@7f71ab0d73d0>
1.02548027039,0.573750019073,<var@7f71ab0d72d0>
1.02259814739,0.569999992847,<var@7f71ab0d7150>
1.03433132172,0.570000052452,<var@7f71ab0d7250>
1.07114088535,0.556500017643,<var@7f71ab0d7790>
1.04524075985,0.561250090599,<var@7f71ab0d76d0>
1.02500474453,0.555250108242,<var@7f71ab0d7610>
1.07239532471,0.545250058174,<var@7f71ab0d7950>
1.02114725113,0.570000052452,<var@7f71ab0d76d0>
1.01005291939,0.58000010252,<var@7f71ab0d7650>
1.01587092876,0.575750112534,<var@7f71ab0d7950>
1.02894818783,0.566749989986,<var@7f71ab0d7b50>
1.05920445919,0.557749927044,<var@7f71ab0d7650>
1.04741191864,0.565749943256,<var@7f71ab0d77d0>
1.06033146381,0.553250014782,<var@7f71ab0d7b50>
1.04868030548,0.566000044346,<var@7f71ab0d7710>
1.05699551105,0.56225001812,<var@7f71ab0d77d0>
1.02047944069,0.565499961376,<var@7f71ab0d7d90>
1.04055023193,0.564500033855,<var@7f71ab0d7710>
1.04172551632,0.565500020981,<var@7f712655d3d0>
1.01753091812,0.570500016212,<var@7f712655dc50>
1.02382600307,0.561000108719,<var@7f712655d790>
1.03708326817,0.559250056744,<var@7f712655d9d0>
